provider,threshold_quantile,threshold,window_minutes,metric,method,estimate,test_events
Google 2019,0.8,0.504103932046926,30,event_recall,snapshot,0.5977011494252874,435
Google 2019,0.8,0.504103932046926,30,event_recall,mean,0.5379310344827586,435
Google 2019,0.8,0.504103932046926,30,event_recall,p95,0.9356321839080459,435
Google 2019,0.8,0.504103932046926,30,event_recall,maximum,1.0,435
Google 2019,0.8,0.504103932046926,30,forecast_average_precision,persistence,0.5774930357966327,113
Google 2019,0.8,0.504103932046926,30,forecast_average_precision,two_snapshots,0.7362997447043196,113
Google 2019,0.8,0.504103932046926,30,forecast_average_precision,satcap,0.7987916180442309,113
Google 2019,0.9,0.5179171281803661,30,event_recall,snapshot,0.5613382899628253,269
Google 2019,0.9,0.5179171281803661,30,event_recall,mean,0.48698884758364314,269
Google 2019,0.9,0.5179171281803661,30,event_recall,p95,0.9368029739776952,269
Google 2019,0.9,0.5179171281803661,30,event_recall,maximum,1.0,269
Google 2019,0.9,0.5179171281803661,30,forecast_average_precision,persistence,0.5710138259264741,83
Google 2019,0.9,0.5179171281803661,30,forecast_average_precision,two_snapshots,0.7634289066217989,83
Google 2019,0.9,0.5179171281803661,30,forecast_average_precision,satcap,0.8246002745745338,83
Google 2019,0.95,0.528999460609866,30,event_recall,snapshot,0.5178571428571429,168
Google 2019,0.95,0.528999460609866,30,event_recall,mean,0.42857142857142855,168
Google 2019,0.95,0.528999460609866,30,event_recall,p95,0.8928571428571429,168
Google 2019,0.95,0.528999460609866,30,event_recall,maximum,1.0,168
Google 2019,0.95,0.528999460609866,30,forecast_average_precision,persistence,0.6401293658663157,59
Google 2019,0.95,0.528999460609866,30,forecast_average_precision,two_snapshots,0.7967249917517036,59
Google 2019,0.95,0.528999460609866,30,forecast_average_precision,satcap,0.8667089193010841,59
Google 2019,0.99,0.5509037744016557,30,event_recall,snapshot,0.4166666666666667,60
Google 2019,0.99,0.5509037744016557,30,event_recall,mean,0.2833333333333333,60
Google 2019,0.99,0.5509037744016557,30,event_recall,p95,0.8666666666666667,60
Google 2019,0.99,0.5509037744016557,30,event_recall,maximum,1.0,60
Google 2019,0.99,0.5509037744016557,30,forecast_average_precision,persistence,0.3354678620027215,31
Google 2019,0.99,0.5509037744016557,30,forecast_average_precision,two_snapshots,0.5889966516735666,31
Google 2019,0.99,0.5509037744016557,30,forecast_average_precision,satcap,0.6178166874640398,31
Google 2019,0.8,0.504103932046926,60,event_recall,snapshot,0.47735191637630664,287
Google 2019,0.8,0.504103932046926,60,event_recall,mean,0.3797909407665505,287
Google 2019,0.8,0.504103932046926,60,event_recall,p95,0.9128919860627178,287
Google 2019,0.8,0.504103932046926,60,event_recall,maximum,1.0,287
Google 2019,0.8,0.504103932046926,60,forecast_average_precision,persistence,0.5682273891957874,74
Google 2019,0.8,0.504103932046926,60,forecast_average_precision,two_snapshots,0.6608546144841232,74
Google 2019,0.8,0.504103932046926,60,forecast_average_precision,satcap,0.7413042296527559,74
Google 2019,0.9,0.5179171281803661,60,event_recall,snapshot,0.43783783783783786,185
Google 2019,0.9,0.5179171281803661,60,event_recall,mean,0.31351351351351353,185
Google 2019,0.9,0.5179171281803661,60,event_recall,p95,0.8864864864864865,185
Google 2019,0.9,0.5179171281803661,60,event_recall,maximum,1.0,185
Google 2019,0.9,0.5179171281803661,60,forecast_average_precision,persistence,0.5135078819928437,53
Google 2019,0.9,0.5179171281803661,60,forecast_average_precision,two_snapshots,0.606003217248005,53
Google 2019,0.9,0.5179171281803661,60,forecast_average_precision,satcap,0.7424748134837745,53
Google 2019,0.95,0.528999460609866,60,event_recall,snapshot,0.3652173913043478,115
Google 2019,0.95,0.528999460609866,60,event_recall,mean,0.3130434782608696,115
Google 2019,0.95,0.528999460609866,60,event_recall,p95,0.8,115
Google 2019,0.95,0.528999460609866,60,event_recall,maximum,1.0,115
Google 2019,0.95,0.528999460609866,60,forecast_average_precision,persistence,0.586012887002986,36
Google 2019,0.95,0.528999460609866,60,forecast_average_precision,two_snapshots,0.6425115209516614,36
Google 2019,0.95,0.528999460609866,60,forecast_average_precision,satcap,0.8036145023272337,36
Google 2019,0.99,0.5509037744016557,60,event_recall,snapshot,0.21739130434782608,46
Google 2019,0.99,0.5509037744016557,60,event_recall,mean,0.08695652173913043,46
Google 2019,0.99,0.5509037744016557,60,event_recall,p95,0.8043478260869565,46
Google 2019,0.99,0.5509037744016557,60,event_recall,maximum,1.0,46
Google 2019,0.99,0.5509037744016557,60,forecast_average_precision,persistence,0.4150648524209699,23
Google 2019,0.99,0.5509037744016557,60,forecast_average_precision,two_snapshots,0.5957115759163857,23
Google 2019,0.99,0.5509037744016557,60,forecast_average_precision,satcap,0.6974066309140903,23
Google 2019,0.8,0.504103932046926,120,event_recall,snapshot,0.37037037037037035,189
Google 2019,0.8,0.504103932046926,120,event_recall,mean,0.2698412698412698,189
Google 2019,0.8,0.504103932046926,120,event_recall,p95,0.8518518518518519,189
Google 2019,0.8,0.504103932046926,120,event_recall,maximum,1.0,189
Google 2019,0.8,0.504103932046926,120,forecast_average_precision,persistence,0.5352075910643794,47
Google 2019,0.8,0.504103932046926,120,forecast_average_precision,two_snapshots,0.6410863374720709,47
Google 2019,0.8,0.504103932046926,120,forecast_average_precision,satcap,0.6836749925153772,47
Google 2019,0.9,0.5179171281803661,120,event_recall,snapshot,0.3082706766917293,133
Google 2019,0.9,0.5179171281803661,120,event_recall,mean,0.20300751879699247,133
Google 2019,0.9,0.5179171281803661,120,event_recall,p95,0.7744360902255639,133
Google 2019,0.9,0.5179171281803661,120,event_recall,maximum,1.0,133
Google 2019,0.9,0.5179171281803661,120,forecast_average_precision,persistence,0.4804699219921992,33
Google 2019,0.9,0.5179171281803661,120,forecast_average_precision,two_snapshots,0.6017621837850466,33
Google 2019,0.9,0.5179171281803661,120,forecast_average_precision,satcap,0.6714758135643835,33
Google 2019,0.95,0.528999460609866,120,event_recall,snapshot,0.2839506172839506,81
Google 2019,0.95,0.528999460609866,120,event_recall,mean,0.1728395061728395,81
Google 2019,0.95,0.528999460609866,120,event_recall,p95,0.691358024691358,81
Google 2019,0.95,0.528999460609866,120,event_recall,maximum,1.0,81
Google 2019,0.95,0.528999460609866,120,forecast_average_precision,persistence,0.48158887317303156,21
Google 2019,0.95,0.528999460609866,120,forecast_average_precision,two_snapshots,0.5804446238084624,21
Google 2019,0.95,0.528999460609866,120,forecast_average_precision,satcap,0.7011606918528182,21
Google 2019,0.99,0.5509037744016557,120,event_recall,snapshot,0.12121212121212122,33
Google 2019,0.99,0.5509037744016557,120,event_recall,mean,0.09090909090909091,33
Google 2019,0.99,0.5509037744016557,120,event_recall,p95,0.696969696969697,33
Google 2019,0.99,0.5509037744016557,120,event_recall,maximum,1.0,33
Google 2019,0.99,0.5509037744016557,120,forecast_average_precision,persistence,0.35375137513751376,15
Google 2019,0.99,0.5509037744016557,120,forecast_average_precision,two_snapshots,0.3785509095311377,15
Google 2019,0.99,0.5509037744016557,120,forecast_average_precision,satcap,0.42877214861538837,15
Alibaba 2018,0.8,0.4785402778800099,30,event_recall,snapshot,0.5333333333333333,150
Alibaba 2018,0.8,0.4785402778800099,30,event_recall,mean,0.5266666666666666,150
Alibaba 2018,0.8,0.4785402778800099,30,event_recall,p95,0.8866666666666667,150
Alibaba 2018,0.8,0.4785402778800099,30,event_recall,maximum,1.0,150
Alibaba 2018,0.8,0.4785402778800099,30,forecast_average_precision,persistence,0.6239285714285714,50
Alibaba 2018,0.8,0.4785402778800099,30,forecast_average_precision,two_snapshots,0.7787655051618798,50
Alibaba 2018,0.8,0.4785402778800099,30,forecast_average_precision,satcap,0.8218759948926666,50
Alibaba 2018,0.9,0.5363382252188952,30,event_recall,snapshot,0.5862068965517241,87
Alibaba 2018,0.9,0.5363382252188952,30,event_recall,mean,0.3103448275862069,87
Alibaba 2018,0.9,0.5363382252188952,30,event_recall,p95,0.9080459770114943,87
Alibaba 2018,0.9,0.5363382252188952,30,event_recall,maximum,1.0,87
Alibaba 2018,0.9,0.5363382252188952,30,forecast_average_precision,persistence,0.46798393913778535,26
Alibaba 2018,0.9,0.5363382252188952,30,forecast_average_precision,two_snapshots,0.6748014471600967,26
Alibaba 2018,0.9,0.5363382252188952,30,forecast_average_precision,satcap,0.7120266880053319,26
Alibaba 2018,0.95,0.5754546775895318,30,event_recall,snapshot,0.5306122448979592,49
Alibaba 2018,0.95,0.5754546775895318,30,event_recall,mean,0.2857142857142857,49
Alibaba 2018,0.95,0.5754546775895318,30,event_recall,p95,0.8163265306122449,49
Alibaba 2018,0.95,0.5754546775895318,30,event_recall,maximum,1.0,49
Alibaba 2018,0.95,0.5754546775895318,30,forecast_average_precision,persistence,0.28920634920634924,15
Alibaba 2018,0.95,0.5754546775895318,30,forecast_average_precision,two_snapshots,0.5274241799794289,15
Alibaba 2018,0.95,0.5754546775895318,30,forecast_average_precision,satcap,0.5973235887622186,15
Alibaba 2018,0.99,0.6564302134365159,30,event_recall,snapshot,0.3333333333333333,12
Alibaba 2018,0.99,0.6564302134365159,30,event_recall,mean,0.16666666666666666,12
Alibaba 2018,0.99,0.6564302134365159,30,event_recall,p95,0.9166666666666666,12
Alibaba 2018,0.99,0.6564302134365159,30,event_recall,maximum,1.0,12
Alibaba 2018,0.99,0.6564302134365159,30,forecast_average_precision,persistence,0.26785714285714285,4
Alibaba 2018,0.99,0.6564302134365159,30,forecast_average_precision,two_snapshots,0.19946236559139785,4
Alibaba 2018,0.99,0.6564302134365159,30,forecast_average_precision,satcap,0.6166666666666667,4
Alibaba 2018,0.8,0.4785402778800099,60,event_recall,snapshot,0.5425531914893617,94
Alibaba 2018,0.8,0.4785402778800099,60,event_recall,mean,0.3829787234042553,94
Alibaba 2018,0.8,0.4785402778800099,60,event_recall,p95,0.8191489361702128,94
Alibaba 2018,0.8,0.4785402778800099,60,event_recall,maximum,1.0,94
Alibaba 2018,0.8,0.4785402778800099,60,forecast_average_precision,persistence,0.7651515151515151,33
Alibaba 2018,0.8,0.4785402778800099,60,forecast_average_precision,two_snapshots,0.8922631562303874,33
Alibaba 2018,0.8,0.4785402778800099,60,forecast_average_precision,satcap,0.9256748355845079,33
Alibaba 2018,0.9,0.5363382252188952,60,event_recall,snapshot,0.5254237288135594,59
Alibaba 2018,0.9,0.5363382252188952,60,event_recall,mean,0.2033898305084746,59
Alibaba 2018,0.9,0.5363382252188952,60,event_recall,p95,0.7966101694915254,59
Alibaba 2018,0.9,0.5363382252188952,60,event_recall,maximum,1.0,59
Alibaba 2018,0.9,0.5363382252188952,60,forecast_average_precision,persistence,0.5777310924369748,18
Alibaba 2018,0.9,0.5363382252188952,60,forecast_average_precision,two_snapshots,0.7680534283066962,18
Alibaba 2018,0.9,0.5363382252188952,60,forecast_average_precision,satcap,0.7973705343233637,18
Alibaba 2018,0.95,0.5754546775895318,60,event_recall,snapshot,0.41025641025641024,39
Alibaba 2018,0.95,0.5754546775895318,60,event_recall,mean,0.1794871794871795,39
Alibaba 2018,0.95,0.5754546775895318,60,event_recall,p95,0.6666666666666666,39
Alibaba 2018,0.95,0.5754546775895318,60,event_recall,maximum,1.0,39
Alibaba 2018,0.95,0.5754546775895318,60,forecast_average_precision,persistence,0.4295634920634921,12
Alibaba 2018,0.95,0.5754546775895318,60,forecast_average_precision,two_snapshots,0.6218806048217813,12
Alibaba 2018,0.95,0.5754546775895318,60,forecast_average_precision,satcap,0.7176219205630969,12
Alibaba 2018,0.99,0.6564302134365159,60,event_recall,snapshot,0.2222222222222222,9
Alibaba 2018,0.99,0.6564302134365159,60,event_recall,mean,0.0,9
Alibaba 2018,0.99,0.6564302134365159,60,event_recall,p95,1.0,9
Alibaba 2018,0.99,0.6564302134365159,60,event_recall,maximum,1.0,9
Alibaba 2018,0.99,0.6564302134365159,60,forecast_average_precision,persistence,0.04301437556154537,3
Alibaba 2018,0.99,0.6564302134365159,60,forecast_average_precision,two_snapshots,0.07768318637883856,3
Alibaba 2018,0.99,0.6564302134365159,60,forecast_average_precision,satcap,0.26363636363636367,3
Alibaba 2018,0.8,0.4785402778800099,120,event_recall,snapshot,0.45614035087719296,57
Alibaba 2018,0.8,0.4785402778800099,120,event_recall,mean,0.2982456140350877,57
Alibaba 2018,0.8,0.4785402778800099,120,event_recall,p95,0.7719298245614035,57
Alibaba 2018,0.8,0.4785402778800099,120,event_recall,maximum,1.0,57
Alibaba 2018,0.8,0.4785402778800099,120,forecast_average_precision,persistence,0.8418367346938775,21
Alibaba 2018,0.8,0.4785402778800099,120,forecast_average_precision,two_snapshots,0.9628717648675635,21
Alibaba 2018,0.8,0.4785402778800099,120,forecast_average_precision,satcap,0.9564192144046673,21
Alibaba 2018,0.9,0.5363382252188952,120,event_recall,snapshot,0.41025641025641024,39
Alibaba 2018,0.9,0.5363382252188952,120,event_recall,mean,0.15384615384615385,39
Alibaba 2018,0.9,0.5363382252188952,120,event_recall,p95,0.6410256410256411,39
Alibaba 2018,0.9,0.5363382252188952,120,event_recall,maximum,1.0,39
Alibaba 2018,0.9,0.5363382252188952,120,forecast_average_precision,persistence,0.7207792207792207,12
Alibaba 2018,0.9,0.5363382252188952,120,forecast_average_precision,two_snapshots,0.7809462893344473,12
Alibaba 2018,0.9,0.5363382252188952,120,forecast_average_precision,satcap,0.8476565373624197,12
Alibaba 2018,0.95,0.5754546775895318,120,event_recall,snapshot,0.2692307692307692,26
Alibaba 2018,0.95,0.5754546775895318,120,event_recall,mean,0.038461538461538464,26
Alibaba 2018,0.95,0.5754546775895318,120,event_recall,p95,0.6923076923076923,26
Alibaba 2018,0.95,0.5754546775895318,120,event_recall,maximum,1.0,26
Alibaba 2018,0.95,0.5754546775895318,120,forecast_average_precision,persistence,0.49776785714285715,8
Alibaba 2018,0.95,0.5754546775895318,120,forecast_average_precision,two_snapshots,0.7728383458646617,8
Alibaba 2018,0.95,0.5754546775895318,120,forecast_average_precision,satcap,0.8010110294117647,8
Alibaba 2018,0.99,0.6564302134365159,120,event_recall,snapshot,0.0,8
Alibaba 2018,0.99,0.6564302134365159,120,event_recall,mean,0.0,8
Alibaba 2018,0.99,0.6564302134365159,120,event_recall,p95,1.0,8
Alibaba 2018,0.99,0.6564302134365159,120,event_recall,maximum,1.0,8
Alibaba 2018,0.99,0.6564302134365159,120,forecast_average_precision,persistence,0.07692307692307693,2
Alibaba 2018,0.99,0.6564302134365159,120,forecast_average_precision,two_snapshots,0.14285714285714285,2
Alibaba 2018,0.99,0.6564302134365159,120,forecast_average_precision,satcap,0.14285714285714285,2
