trial,worker,mode,sample,window,cpu,memory
0,1,raw,0,0,0.115,0.2757161458333333
0,1,raw,1,0,0.23,0.2865397135416667
0,1,raw,2,0,0.314,0.2644856770833333
0,1,raw,3,0,0.345,0.5353190104166666
0,1,raw,4,0,0.35600000000000004,0.2652180989583333
0,1,raw,5,0,0.34600000000000003,0.447509765625
0,1,raw,6,0,0.34600000000000003,0.6949055989583334
0,1,raw,7,0,0.35700000000000004,0.6949055989583334
0,1,raw,8,0,0.39299999999999996,0.6949055989583334
0,1,raw,9,0,0.317,0.6949055989583334
0,1,raw,10,0,0.397,0.6949055989583334
0,1,raw,11,0,0.397,0.6949055989583334
0,1,raw,12,0,0.278,0.6949055989583334
0,1,raw,13,0,0.23800000000000002,0.6949055989583334
0,1,raw,14,0,0.237,0.6949055989583334
0,1,raw,15,0,0.237,0.6949055989583334
0,1,raw,16,0,0.198,0.6949055989583334
0,1,raw,17,0,0.158,0.6949055989583334
0,1,raw,18,0,0.158,0.6949055989583334
0,1,raw,19,0,0.079,0.6949055989583334
0,1,raw,20,1,0.079,0.6949055989583334
0,1,raw,21,1,0.039,0.6949055989583334
0,1,raw,22,1,0.04,0.6949055989583334
0,1,raw,23,1,0.079,0.7808430989583334
0,1,raw,24,1,0.04,0.7808430989583334
0,1,raw,25,1,0.079,0.7808430989583334
0,1,raw,26,1,0.039,0.23111979166666666
0,1,raw,27,1,0.078,0.494140625
0,1,raw,28,1,0.156,0.7154947916666666
0,1,raw,29,1,0.157,0.7154947916666666
0,1,raw,30,1,0.198,0.7154947916666666
0,1,raw,31,1,0.11900000000000001,0.7154947916666666
0,1,raw,32,1,0.316,0.7154947916666666
0,1,raw,33,1,0.27699999999999997,0.7154947916666666
0,1,raw,34,1,0.95,0.7154947916666666
0,1,raw,35,1,0.396,0.7154947916666666
0,1,raw,36,1,0.35600000000000004,0.7154947916666666
0,1,raw,37,1,0.35600000000000004,0.7154947916666666
0,1,raw,38,1,0.435,0.7154947916666666
0,1,raw,39,1,0.317,0.7154947916666666
0,1,raw,40,2,0.317,0.7154947916666666
0,1,raw,41,2,0.35100000000000003,0.3155110677083333
0,1,raw,42,2,0.313,0.261962890625
0,1,raw,43,2,0.35200000000000004,0.5145670572916666
0,1,raw,44,2,0.195,0.5145670572916666
0,1,raw,45,2,0.87,0.5145670572916666
0,1,raw,46,2,0.8220000000000001,0.746337890625
0,1,raw,47,2,0.7440000000000001,0.746337890625
0,1,raw,48,2,0.82,0.746337890625
0,1,raw,49,2,0.8290000000000001,0.746337890625
0,1,raw,50,2,0.04,0.746337890625
0,1,raw,51,2,0.079,0.746337890625
0,1,raw,52,2,0.04,0.746337890625
0,1,raw,53,2,0.078,0.746337890625
0,1,raw,54,2,0.04,0.746337890625
0,1,raw,55,2,0.079,0.746337890625
0,1,raw,56,2,0.078,0.746337890625
0,1,raw,57,2,0.079,0.746337890625
0,1,raw,58,2,0.196,0.746337890625
0,1,raw,59,2,0.11699999999999999,0.746337890625
0,1,raw,60,3,0.753,0.746337890625
0,1,raw,61,3,0.7809999999999999,0.746337890625
0,1,raw,62,3,0.27699999999999997,0.746337890625
0,1,raw,63,3,0.198,0.746337890625
0,1,raw,64,3,0.315,0.746337890625
0,1,raw,65,3,0.35700000000000004,0.746337890625
0,1,raw,66,3,0.27699999999999997,0.746337890625
0,1,raw,67,3,0.317,0.746337890625
0,1,raw,68,3,0.435,0.746337890625
0,1,raw,69,3,0.35600000000000004,0.746337890625
0,1,raw,70,3,0.396,0.746337890625
0,1,raw,71,3,0.317,0.746337890625
0,1,raw,72,3,0.35700000000000004,0.746337890625
0,1,raw,73,3,0.951,0.746337890625
0,1,raw,74,3,0.35700000000000004,0.746337890625
0,1,raw,75,3,0.317,0.746337890625
0,1,raw,76,3,0.237,0.746337890625
0,1,raw,77,3,0.23800000000000002,0.746337890625
0,1,raw,78,3,0.079,0.746337890625
0,1,raw,79,3,0.19699999999999998,0.19051106770833334
0,3,raw,0,0,0.26899999999999996,0.24186197916666666
0,3,raw,1,0,0.35,0.19612630208333334
0,3,raw,2,0,0.39299999999999996,0.24462890625
0,3,raw,3,0,0.307,0.4972330729166667
0,3,raw,4,0,0.99,0.24519856770833334
0,3,raw,5,0,0.9159999999999999,0.505615234375
0,3,raw,6,0,0.9109999999999999,0.24527994791666666
0,3,raw,7,0,0.943,0.4666341145833333
0,3,raw,8,0,0.912,0.4666341145833333
0,3,raw,9,0,0.9109999999999999,0.4666341145833333
0,3,raw,10,0,0.237,0.4666341145833333
0,3,raw,11,0,0.23800000000000002,0.4666341145833333
0,3,raw,12,0,0.235,0.6202799479166666
0,3,raw,13,0,0.198,0.6202799479166666
0,3,raw,14,0,0.157,0.6202799479166666
0,3,raw,15,0,0.079,0.6202799479166666
0,3,raw,16,0,0.079,0.6202799479166666
0,3,raw,17,0,0.04,0.6202799479166666
0,3,raw,18,0,0.079,0.6202799479166666
0,3,raw,19,0,0.04,0.6202799479166666
0,3,raw,20,1,0.6579999999999999,0.6202799479166666
0,3,raw,21,1,0.078,0.68798828125
0,3,raw,22,1,0.039,0.68798828125
0,3,raw,23,1,0.04,0.68798828125
0,3,raw,24,1,0.079,0.68798828125
0,3,raw,25,1,0.11900000000000001,0.68798828125
0,3,raw,26,1,0.11900000000000001,0.68798828125
0,3,raw,27,1,0.11900000000000001,0.68798828125
0,3,raw,28,1,0.196,0.68798828125
0,3,raw,29,1,0.19699999999999998,0.68798828125
0,3,raw,30,1,0.276,0.68798828125
0,3,raw,31,1,0.273,0.68798828125
0,3,raw,32,1,0.27699999999999997,0.68798828125
0,3,raw,33,1,0.317,0.68798828125
0,3,raw,34,1,0.314,0.68798828125
0,3,raw,35,1,0.35700000000000004,0.68798828125
0,3,raw,36,1,0.35600000000000004,0.69580078125
0,3,raw,37,1,0.396,0.69580078125
0,3,raw,38,1,0.27699999999999997,0.69580078125
0,3,raw,39,1,0.396,0.69580078125
0,3,raw,40,2,0.396,0.69580078125
0,3,raw,41,2,0.35700000000000004,0.69580078125
0,3,raw,42,2,0.27699999999999997,0.69580078125
0,3,raw,43,2,0.198,0.69580078125
0,3,raw,44,2,0.19699999999999998,0.71142578125
0,3,raw,45,2,0.198,0.71142578125
0,3,raw,46,2,0.158,0.71142578125
0,3,raw,47,2,0.079,0.71142578125
0,3,raw,48,2,0.079,0.71142578125
0,3,raw,49,2,0.079,0.71142578125
0,3,raw,50,2,0.039,0.7530924479166666
0,3,raw,51,2,0.079,0.7530924479166666
0,3,raw,52,2,0.633,0.7530924479166666
0,3,raw,53,2,0.158,0.7530924479166666
0,3,raw,54,2,0.039,0.7530924479166666
0,3,raw,55,2,0.079,0.7530924479166666
0,3,raw,56,2,0.11900000000000001,0.7530924479166666
0,3,raw,57,2,0.079,0.7530924479166666
0,3,raw,58,2,0.158,0.224609375
0,3,raw,59,2,0.157,0.380859375
0,3,raw,60,3,0.235,0.6048177083333334
0,3,raw,61,3,0.198,0.6048177083333334
0,3,raw,62,3,0.35600000000000004,0.6048177083333334
0,3,raw,63,3,0.23600000000000002,0.740234375
0,3,raw,64,3,0.35600000000000004,0.740234375
0,3,raw,65,3,0.9079999999999999,0.740234375
0,3,raw,66,3,0.9490000000000001,0.740234375
0,3,raw,67,3,0.948,0.740234375
0,3,raw,68,3,0.9390000000000001,0.20377604166666666
0,3,raw,69,3,0.94,0.4173177083333333
0,3,raw,70,3,0.35,0.677734375
0,3,raw,71,3,0.35600000000000004,0.677734375
0,3,raw,72,3,0.317,0.677734375
0,3,raw,73,3,0.35,0.30615234375
0,3,raw,74,3,0.27399999999999997,0.2899576822916667
0,3,raw,75,3,0.313,0.552978515625
0,3,raw,76,3,0.235,0.8290201822916666
0,3,raw,77,3,0.198,0.5533040364583334
0,3,raw,78,3,0.11800000000000001,0.5533040364583334
0,3,raw,79,3,0.11900000000000001,0.5533040364583334
0,2,raw,0,0,0.23399999999999999,0.2626953125
0,2,raw,1,0,0.34700000000000003,0.269775390625
0,2,raw,2,0,0.31,0.220458984375
0,2,raw,3,0,0.353,0.462646484375
0,2,raw,4,0,0.419,0.6944173177083334
0,2,raw,5,0,0.35100000000000003,0.6944173177083334
0,2,raw,6,0,0.35600000000000004,0.697021484375
0,2,raw,7,0,0.435,0.697021484375
0,2,raw,8,0,0.435,0.697021484375
0,2,raw,9,0,0.35600000000000004,0.697021484375
0,2,raw,10,0,0.273,0.2998046875
0,2,raw,11,0,0.353,0.22526041666666666
0,2,raw,12,0,0.23600000000000002,0.4075520833333333
0,2,raw,13,0,0.273,0.6471354166666666
0,2,raw,14,0,0.157,0.6471354166666666
0,2,raw,15,0,0.159,0.6471354166666666
0,2,raw,16,0,0.708,0.8715006510416666
0,2,raw,17,0,0.19399999999999998,0.20369466145833334
0,2,raw,18,0,0.079,0.3911946614583333
0,2,raw,19,0,0.039,0.6490071614583334
0,2,raw,20,1,0.75,0.8717447916666666
0,2,raw,21,1,0.039,0.250732421875
0,2,raw,22,1,0.11800000000000001,0.4720865885416667
0,2,raw,23,1,0.039,0.735107421875
0,2,raw,24,1,0.079,0.4728190104166667
0,2,raw,25,1,0.725,1.0
0,2,raw,26,1,0.758,1.0
0,2,raw,27,1,0.789,1.0
0,2,raw,28,1,0.794,1.0
0,2,raw,29,1,0.877,1.0
0,2,raw,30,1,0.276,0.472900390625
0,2,raw,31,1,0.35600000000000004,0.4755045572916667
0,2,raw,32,1,0.317,0.4755045572916667
0,2,raw,33,1,0.35600000000000004,0.4755045572916667
0,2,raw,34,1,0.313,0.7020670572916666
0,2,raw,35,1,0.317,0.7020670572916666
0,2,raw,36,1,0.35600000000000004,0.7020670572916666
0,2,raw,37,1,0.35600000000000004,0.7020670572916666
0,2,raw,38,1,0.396,0.7020670572916666
0,2,raw,39,1,0.35600000000000004,0.7098795572916666
0,2,raw,40,2,0.35700000000000004,0.7098795572916666
0,2,raw,41,2,0.317,0.7098795572916666
0,2,raw,42,2,0.27699999999999997,0.7098795572916666
0,2,raw,43,2,0.317,0.7098795572916666
0,2,raw,44,2,0.903,0.863037109375
0,2,raw,45,2,0.195,0.23421223958333334
0,2,raw,46,2,0.157,0.4842122395833333
0,2,raw,47,2,0.11900000000000001,0.4842122395833333
0,2,raw,48,2,0.079,0.4842122395833333
0,2,raw,49,2,0.11800000000000001,0.6378580729166666
0,2,raw,50,2,0.04,0.6378580729166666
0,2,raw,51,2,0.079,0.6378580729166666
0,2,raw,52,2,0.04,0.6691080729166666
0,2,raw,53,2,0.079,0.6691080729166666
0,2,raw,54,2,0.6859999999999999,0.833251953125
0,2,raw,55,2,0.078,0.197265625
0,2,raw,56,2,0.078,0.462890625
0,2,raw,57,2,0.11699999999999999,0.4740397135416667
0,2,raw,58,2,0.156,0.4659016927083333
0,2,raw,59,2,0.11800000000000001,0.2771809895833333
0,2,raw,60,3,0.19699999999999998,0.4620768229166667
0,2,raw,61,3,0.27699999999999997,0.4620768229166667
0,2,raw,62,3,0.158,0.4620768229166667
0,2,raw,63,3,0.433,0.61572265625
0,2,raw,64,3,0.27699999999999997,0.61572265625
0,2,raw,65,3,0.27699999999999997,0.61572265625
0,2,raw,66,3,0.39399999999999996,0.7198893229166666
0,2,raw,67,3,0.395,0.7198893229166666
0,2,raw,68,3,0.396,0.7198893229166666
0,2,raw,69,3,0.316,0.7198893229166666
0,2,raw,70,3,0.396,0.7198893229166666
0,2,raw,71,3,0.39399999999999996,0.7198893229166666
0,2,raw,72,3,0.27699999999999997,0.7198893229166666
0,2,raw,73,3,0.27699999999999997,0.7198893229166666
0,2,raw,74,3,0.27699999999999997,0.7198893229166666
0,2,raw,75,3,0.27699999999999997,0.7198893229166666
0,2,raw,76,3,0.23800000000000002,0.7198893229166666
0,2,raw,77,3,0.198,0.7198893229166666
0,2,raw,78,3,0.079,0.7198893229166666
0,2,raw,79,3,0.079,0.7198893229166666
0,0,raw,0,0,0.11800000000000001,0.197265625
0,0,raw,1,0,0.307,0.228271484375
0,0,raw,2,0,0.271,0.24886067708333334
0,0,raw,3,0,0.31,0.24462890625
0,0,raw,4,0,0.42100000000000004,0.22420247395833334
0,0,raw,5,0,0.925,1.0
0,0,raw,6,0,0.909,0.9940592447916666
0,0,raw,7,0,0.955,0.9979654947916666
0,0,raw,8,0,0.9159999999999999,0.9820149739583334
0,0,raw,9,0,0.9490000000000001,1.0
0,0,raw,10,0,0.43,0.47021484375
0,0,raw,11,0,0.395,0.22493489583333334
0,0,raw,12,0,0.315,0.3863932291666667
0,0,raw,13,0,0.275,0.6103515625
0,0,raw,14,0,0.317,0.6103515625
0,0,raw,15,0,0.23800000000000002,0.6103515625
0,0,raw,16,0,0.198,0.6103515625
0,0,raw,17,0,0.11900000000000001,0.6103515625
0,0,raw,18,0,0.158,0.6103515625
0,0,raw,19,0,0.11900000000000001,0.6103515625
0,0,raw,20,1,0.11900000000000001,0.6103515625
0,0,raw,21,1,0.079,0.6442057291666666
0,0,raw,22,1,0.04,0.6442057291666666
0,0,raw,23,1,0.04,0.6442057291666666
0,0,raw,24,1,0.079,0.6442057291666666
0,0,raw,25,1,0.039,0.6442057291666666
0,0,raw,26,1,0.04,0.6442057291666666
0,0,raw,27,1,0.079,0.6442057291666666
0,0,raw,28,1,0.079,0.6442057291666666
0,0,raw,29,1,0.156,0.3042805989583333
0,0,raw,30,1,0.078,0.2511393229166667
0,0,raw,31,1,0.157,0.42041015625
0,0,raw,32,1,0.196,0.6521809895833334
0,0,raw,33,1,0.23800000000000002,0.6521809895833334
0,0,raw,34,1,0.396,0.6521809895833334
0,0,raw,35,1,0.27699999999999997,0.6521809895833334
0,0,raw,36,1,0.317,0.6521809895833334
0,0,raw,37,1,0.35600000000000004,0.69384765625
0,0,raw,38,1,0.35100000000000003,0.69384765625
0,0,raw,39,1,0.35200000000000004,0.69384765625
0,0,raw,40,2,0.39,0.69384765625
0,0,raw,41,2,0.43,0.69384765625
0,0,raw,42,2,0.317,0.69384765625
0,0,raw,43,2,0.35600000000000004,0.69384765625
0,0,raw,44,2,0.317,0.69384765625
0,0,raw,45,2,0.27699999999999997,0.69384765625
0,0,raw,46,2,0.237,0.7198893229166666
0,0,raw,47,2,0.198,0.7198893229166666
0,0,raw,48,2,0.198,0.7198893229166666
0,0,raw,49,2,0.11900000000000001,0.7198893229166666
0,0,raw,50,2,0.11900000000000001,0.7198893229166666
0,0,raw,51,2,0.079,0.7355143229166666
0,0,raw,52,2,0.04,0.7355143229166666
0,0,raw,53,2,0.079,0.7355143229166666
0,0,raw,54,2,0.04,0.7355143229166666
0,0,raw,55,2,0.079,0.7355143229166666
0,0,raw,56,2,0.039,0.77197265625
0,0,raw,57,2,0.04,0.77197265625
0,0,raw,58,2,0.079,0.77197265625
0,0,raw,59,2,0.079,0.77197265625
0,0,raw,60,3,0.8,0.8308919270833334
0,0,raw,61,3,0.8009999999999999,0.7919108072916666
0,0,raw,62,3,0.873,0.8396809895833334
0,0,raw,63,3,0.195,0.215087890625
0,0,raw,64,3,0.275,0.426025390625
0,0,raw,65,3,0.9470000000000001,1.0
0,0,raw,66,3,0.902,1.0
0,0,raw,67,3,0.951,1.0
0,0,raw,68,3,0.9329999999999999,1.0
0,0,raw,69,3,0.9570000000000001,1.0
0,0,raw,70,3,0.355,0.427490234375
0,0,raw,71,3,0.31,0.529052734375
0,0,raw,72,3,0.317,0.529052734375
0,0,raw,73,3,0.35100000000000003,0.529052734375
0,0,raw,74,3,0.35200000000000004,0.529052734375
0,0,raw,75,3,0.23399999999999999,0.529052734375
0,0,raw,76,3,0.237,0.575927734375
0,0,raw,77,3,0.27699999999999997,0.575927734375
0,0,raw,78,3,0.276,0.575927734375
0,0,raw,79,3,0.23800000000000002,0.575927734375
0,1,satcap,0,0,0.19699999999999998,0.2701822916666667
0,1,satcap,1,0,0.23600000000000002,0.2725423177083333
0,1,satcap,2,0,0.276,0.2508138020833333
0,1,satcap,3,0,0.315,0.51904296875
0,1,satcap,4,0,0.358,0.2508138020833333
0,1,satcap,5,0,0.386,0.43310546875
0,1,satcap,6,0,0.373,0.6805013020833334
0,1,satcap,7,0,0.35200000000000004,0.6805013020833334
0,1,satcap,8,0,0.39799999999999996,0.6805013020833334
0,1,satcap,9,0,0.319,0.6805013020833334
0,1,satcap,10,0,0.358,0.6805013020833334
0,1,satcap,11,0,0.359,0.6805013020833334
0,1,satcap,12,0,0.319,0.6805013020833334
0,1,satcap,13,0,0.19899999999999998,0.6805013020833334
0,1,satcap,14,0,0.239,0.6805013020833334
0,1,satcap,15,0,0.19899999999999998,0.6805013020833334
0,1,satcap,16,0,0.239,0.6805013020833334
0,1,satcap,17,0,0.159,0.6805013020833334
0,1,satcap,18,0,0.159,0.6805013020833334
0,1,satcap,19,0,0.04,0.6805013020833334
0,1,satcap,20,1,0.11599999999999999,0.6919759114583334
0,1,satcap,21,1,0.04,0.6919759114583334
0,1,satcap,22,1,0.08,0.6919759114583334
0,1,satcap,23,1,0.039,0.780517578125
0,1,satcap,24,1,0.04,0.780517578125
0,1,satcap,25,1,0.08,0.780517578125
0,1,satcap,26,1,0.079,0.22998046875
0,1,satcap,27,1,0.039,0.4930013020833333
0,1,satcap,28,1,0.158,0.71435546875
0,1,satcap,29,1,0.19899999999999998,0.71435546875
0,1,satcap,30,1,0.19899999999999998,0.71435546875
0,1,satcap,31,1,0.12,0.71435546875
0,1,satcap,32,1,0.319,0.71435546875
0,1,satcap,33,1,0.239,0.71435546875
0,1,satcap,34,1,0.9570000000000001,0.71435546875
0,1,satcap,35,1,0.39899999999999997,0.71435546875
0,1,satcap,36,1,0.39899999999999997,0.71435546875
0,1,satcap,37,1,0.319,0.71435546875
0,1,satcap,38,1,0.439,0.71435546875
0,1,satcap,39,1,0.319,0.71435546875
0,1,satcap,40,2,0.316,0.71435546875
0,1,satcap,41,2,0.353,0.3143717447916667
0,1,satcap,42,2,0.315,0.2608235677083333
0,1,satcap,43,2,0.315,0.513427734375
0,1,satcap,44,2,0.159,0.513427734375
0,1,satcap,45,2,0.917,0.513427734375
0,1,satcap,46,2,0.8690000000000001,0.7451985677083334
0,1,satcap,47,2,0.718,0.7451985677083334
0,1,satcap,48,2,0.838,0.7451985677083334
0,1,satcap,49,2,0.838,0.7451985677083334
0,1,satcap,50,2,0.04,0.7451985677083334
0,1,satcap,51,2,0.04,0.7451985677083334
0,1,satcap,52,2,0.08,0.7451985677083334
0,1,satcap,53,2,0.04,0.7451985677083334
0,1,satcap,54,2,0.08,0.7451985677083334
0,1,satcap,55,2,0.04,0.7451985677083334
0,1,satcap,56,2,0.08,0.7451985677083334
0,1,satcap,57,2,0.08,0.7451985677083334
0,1,satcap,58,2,0.19899999999999998,0.7451985677083334
0,1,satcap,59,2,0.12,0.7451985677083334
0,1,satcap,60,3,0.752,0.7451985677083334
0,1,satcap,61,3,0.797,0.7451985677083334
0,1,satcap,62,3,0.239,0.7451985677083334
0,1,satcap,63,3,0.19899999999999998,0.7451985677083334
0,1,satcap,64,3,0.319,0.7451985677083334
0,1,satcap,65,3,0.359,0.7451985677083334
0,1,satcap,66,3,0.27899999999999997,0.7451985677083334
0,1,satcap,67,3,0.27899999999999997,0.7451985677083334
0,1,satcap,68,3,0.43799999999999994,0.7451985677083334
0,1,satcap,69,3,0.39799999999999996,0.7451985677083334
0,1,satcap,70,3,0.359,0.7451985677083334
0,1,satcap,71,3,0.319,0.7451985677083334
0,1,satcap,72,3,0.359,0.7451985677083334
0,1,satcap,73,3,0.9570000000000001,0.7451985677083334
0,1,satcap,74,3,0.359,0.7451985677083334
0,1,satcap,75,3,0.27899999999999997,0.7451985677083334
0,1,satcap,76,3,0.27899999999999997,0.7451985677083334
0,1,satcap,77,3,0.239,0.7451985677083334
0,1,satcap,78,3,0.08,0.7451985677083334
0,1,satcap,79,3,0.159,0.189208984375
0,3,satcap,0,0,0.316,0.24153645833333334
0,3,satcap,1,0,0.35600000000000004,0.18440755208333334
0,3,satcap,2,0,0.395,0.23307291666666666
0,3,satcap,3,0,0.39399999999999996,0.4856770833333333
0,3,satcap,4,0,0.9159999999999999,0.23307291666666666
0,3,satcap,5,0,0.937,0.4934895833333333
0,3,satcap,6,0,0.925,0.23307291666666666
0,3,satcap,7,0,0.867,0.4544270833333333
0,3,satcap,8,0,0.9179999999999999,0.4544270833333333
0,3,satcap,9,0,0.877,0.4544270833333333
0,3,satcap,10,0,0.19899999999999998,0.4544270833333333
0,3,satcap,11,0,0.19899999999999998,0.4544270833333333
0,3,satcap,12,0,0.27699999999999997,0.6080729166666666
0,3,satcap,13,0,0.19899999999999998,0.6080729166666666
0,3,satcap,14,0,0.11900000000000001,0.6080729166666666
0,3,satcap,15,0,0.11900000000000001,0.6080729166666666
0,3,satcap,16,0,0.08,0.6080729166666666
0,3,satcap,17,0,0.04,0.6080729166666666
0,3,satcap,18,0,0.079,0.6080729166666666
0,3,satcap,19,0,0.04,0.6080729166666666
0,3,satcap,20,1,0.688,0.6221516927083334
0,3,satcap,21,1,0.04,0.6898600260416666
0,3,satcap,22,1,0.04,0.6898600260416666
0,3,satcap,23,1,0.08,0.6898600260416666
0,3,satcap,24,1,0.04,0.6898600260416666
0,3,satcap,25,1,0.11900000000000001,0.6898600260416666
0,3,satcap,26,1,0.12,0.6898600260416666
0,3,satcap,27,1,0.159,0.6898600260416666
0,3,satcap,28,1,0.12,0.6898600260416666
0,3,satcap,29,1,0.239,0.6898600260416666
0,3,satcap,30,1,0.239,0.6898600260416666
0,3,satcap,31,1,0.27899999999999997,0.6898600260416666
0,3,satcap,32,1,0.27899999999999997,0.6898600260416666
0,3,satcap,33,1,0.319,0.6898600260416666
0,3,satcap,34,1,0.319,0.6898600260416666
0,3,satcap,35,1,0.359,0.6898600260416666
0,3,satcap,36,1,0.359,0.695068359375
0,3,satcap,37,1,0.39899999999999997,0.695068359375
0,3,satcap,38,1,0.27899999999999997,0.695068359375
0,3,satcap,39,1,0.39899999999999997,0.695068359375
0,3,satcap,40,2,0.395,0.695068359375
0,3,satcap,41,2,0.319,0.695068359375
0,3,satcap,42,2,0.319,0.695068359375
0,3,satcap,43,2,0.19899999999999998,0.695068359375
0,3,satcap,44,2,0.19899999999999998,0.710693359375
0,3,satcap,45,2,0.159,0.710693359375
0,3,satcap,46,2,0.19899999999999998,0.710693359375
0,3,satcap,47,2,0.04,0.710693359375
0,3,satcap,48,2,0.12,0.710693359375
0,3,satcap,49,2,0.04,0.710693359375
0,3,satcap,50,2,0.04,0.7549641927083334
0,3,satcap,51,2,0.08,0.7549641927083334
0,3,satcap,52,2,0.637,0.7549641927083334
0,3,satcap,53,2,0.12,0.7549641927083334
0,3,satcap,54,2,0.08,0.7549641927083334
0,3,satcap,55,2,0.04,0.7549641927083334
0,3,satcap,56,2,0.12,0.7549641927083334
0,3,satcap,57,2,0.08,0.7549641927083334
0,3,satcap,58,2,0.11900000000000001,0.224853515625
0,3,satcap,59,2,0.158,0.381103515625
0,3,satcap,60,3,0.23399999999999999,0.6050618489583334
0,3,satcap,61,3,0.19899999999999998,0.6050618489583334
0,3,satcap,62,3,0.359,0.6050618489583334
0,3,satcap,63,3,0.23800000000000002,0.740478515625
0,3,satcap,64,3,0.359,0.740478515625
0,3,satcap,65,3,0.9570000000000001,0.740478515625
0,3,satcap,66,3,0.917,0.740478515625
0,3,satcap,67,3,0.9570000000000001,0.740478515625
0,3,satcap,68,3,0.9359999999999999,0.20402018229166666
0,3,satcap,69,3,0.948,0.4175618489583333
0,3,satcap,70,3,0.355,0.677978515625
0,3,satcap,71,3,0.359,0.677978515625
0,3,satcap,72,3,0.319,0.677978515625
0,3,satcap,73,3,0.314,0.306396484375
0,3,satcap,74,3,0.275,0.2902018229166667
0,3,satcap,75,3,0.315,0.55322265625
0,3,satcap,76,3,0.23600000000000002,0.8292643229166666
0,3,satcap,77,3,0.19899999999999998,0.5535481770833334
0,3,satcap,78,3,0.12,0.5535481770833334
0,3,satcap,79,3,0.08,0.5535481770833334
0,0,satcap,0,0,0.11800000000000001,0.19466145833333334
0,0,satcap,1,0,0.275,0.21573893229166666
0,0,satcap,2,0,0.276,0.23600260416666666
0,0,satcap,3,0,0.315,0.231689453125
0,0,satcap,4,0,0.355,0.211669921875
0,0,satcap,5,0,0.9470000000000001,1.0
0,0,satcap,6,0,0.925,0.9808756510416666
0,0,satcap,7,0,0.877,0.9845377604166666
0,0,satcap,8,0,0.956,0.968505859375
0,0,satcap,9,0,0.9179999999999999,1.0
0,0,satcap,10,0,0.43200000000000005,0.4567057291666667
0,0,satcap,11,0,0.39799999999999996,0.21142578125
0,0,satcap,12,0,0.27699999999999997,0.3728841145833333
0,0,satcap,13,0,0.276,0.5968424479166666
0,0,satcap,14,0,0.319,0.5968424479166666
0,0,satcap,15,0,0.19899999999999998,0.5968424479166666
0,0,satcap,16,0,0.19899999999999998,0.5968424479166666
0,0,satcap,17,0,0.12,0.5968424479166666
0,0,satcap,18,0,0.16,0.5968424479166666
0,0,satcap,19,0,0.12,0.5968424479166666
0,0,satcap,20,1,0.11699999999999999,0.6109212239583334
0,0,satcap,21,1,0.08,0.6421712239583334
0,0,satcap,22,1,0.08,0.6421712239583334
0,0,satcap,23,1,0.04,0.6421712239583334
0,0,satcap,24,1,0.04,0.6421712239583334
0,0,satcap,25,1,0.08,0.6421712239583334
0,0,satcap,26,1,0.04,0.6421712239583334
0,0,satcap,27,1,0.04,0.6421712239583334
0,0,satcap,28,1,0.12,0.6421712239583334
0,0,satcap,29,1,0.11800000000000001,0.3036295572916667
0,0,satcap,30,1,0.11800000000000001,0.25048828125
0,0,satcap,31,1,0.159,0.4197591145833333
0,0,satcap,32,1,0.158,0.6515299479166666
0,0,satcap,33,1,0.239,0.6515299479166666
0,0,satcap,34,1,0.39899999999999997,0.6515299479166666
0,0,satcap,35,1,0.239,0.6515299479166666
0,0,satcap,36,1,0.319,0.6515299479166666
0,0,satcap,37,1,0.358,0.6931966145833334
0,0,satcap,38,1,0.39899999999999997,0.6931966145833334
0,0,satcap,39,1,0.358,0.6931966145833334
0,0,satcap,40,2,0.396,0.6931966145833334
0,0,satcap,41,2,0.39899999999999997,0.6931966145833334
0,0,satcap,42,2,0.319,0.6931966145833334
0,0,satcap,43,2,0.359,0.6931966145833334
0,0,satcap,44,2,0.27899999999999997,0.6931966145833334
0,0,satcap,45,2,0.27899999999999997,0.6931966145833334
0,0,satcap,46,2,0.239,0.71923828125
0,0,satcap,47,2,0.19899999999999998,0.71923828125
0,0,satcap,48,2,0.239,0.71923828125
0,0,satcap,49,2,0.08,0.71923828125
0,0,satcap,50,2,0.12,0.71923828125
0,0,satcap,51,2,0.08,0.73486328125
0,0,satcap,52,2,0.04,0.73486328125
0,0,satcap,53,2,0.04,0.73486328125
0,0,satcap,54,2,0.08,0.73486328125
0,0,satcap,55,2,0.04,0.73486328125
0,0,satcap,56,2,0.04,0.7713216145833334
0,0,satcap,57,2,0.08,0.7713216145833334
0,0,satcap,58,2,0.04,0.7713216145833334
0,0,satcap,59,2,0.08,0.7713216145833334
0,0,satcap,60,3,0.8009999999999999,0.830078125
0,0,satcap,61,3,0.768,0.7910970052083334
0,0,satcap,62,3,0.8809999999999999,0.8388671875
0,0,satcap,63,3,0.19699999999999998,0.21427408854166666
0,0,satcap,64,3,0.27699999999999997,0.4252115885416667
0,0,satcap,65,3,0.9229999999999999,1.0
0,0,satcap,66,3,0.9179999999999999,1.0
0,0,satcap,67,3,0.958,1.0
0,0,satcap,68,3,0.961,1.0
0,0,satcap,69,3,0.924,1.0
0,0,satcap,70,3,0.397,0.4265950520833333
0,0,satcap,71,3,0.278,0.5281575520833334
0,0,satcap,72,3,0.319,0.5281575520833334
0,0,satcap,73,3,0.359,0.5281575520833334
0,0,satcap,74,3,0.319,0.5281575520833334
0,0,satcap,75,3,0.27899999999999997,0.5281575520833334
0,0,satcap,76,3,0.239,0.5750325520833334
0,0,satcap,77,3,0.27899999999999997,0.5750325520833334
0,0,satcap,78,3,0.239,0.5750325520833334
0,0,satcap,79,3,0.239,0.5750325520833334
0,2,satcap,0,0,0.237,0.259765625
0,2,satcap,1,0,0.355,0.25830078125
0,2,satcap,2,0,0.27699999999999997,0.209228515625
0,2,satcap,3,0,0.395,0.451416015625
0,2,satcap,4,0,0.355,0.6831868489583334
0,2,satcap,5,0,0.392,0.6831868489583334
0,2,satcap,6,0,0.386,0.6831868489583334
0,2,satcap,7,0,0.43799999999999994,0.6831868489583334
0,2,satcap,8,0,0.39799999999999996,0.6831868489583334
0,2,satcap,9,0,0.39899999999999997,0.6831868489583334
0,2,satcap,10,0,0.275,0.283447265625
0,2,satcap,11,0,0.35600000000000004,0.20890299479166666
0,2,satcap,12,0,0.198,0.3911946614583333
0,2,satcap,13,0,0.237,0.6307779947916666
0,2,satcap,14,0,0.19899999999999998,0.6307779947916666
0,2,satcap,15,0,0.12,0.6307779947916666
0,2,satcap,16,0,0.762,0.8550618489583334
0,2,satcap,17,0,0.198,0.187255859375
0,2,satcap,18,0,0.04,0.374755859375
0,2,satcap,19,0,0.079,0.632568359375
0,2,satcap,20,1,0.6809999999999999,0.8678385416666666
0,2,satcap,21,1,0.11800000000000001,0.246826171875
0,2,satcap,22,1,0.039,0.4681803385416667
0,2,satcap,23,1,0.079,0.731201171875
0,2,satcap,24,1,0.08,0.4689127604166667
0,2,satcap,25,1,0.731,1.0
0,2,satcap,26,1,0.715,1.0
0,2,satcap,27,1,0.8029999999999999,1.0
0,2,satcap,28,1,0.805,1.0
0,2,satcap,29,1,0.8809999999999999,1.0
0,2,satcap,30,1,0.318,0.4689127604166667
0,2,satcap,31,1,0.319,0.4715169270833333
0,2,satcap,32,1,0.319,0.4715169270833333
0,2,satcap,33,1,0.359,0.4715169270833333
0,2,satcap,34,1,0.276,0.6980794270833334
0,2,satcap,35,1,0.359,0.6980794270833334
0,2,satcap,36,1,0.319,0.6980794270833334
0,2,satcap,37,1,0.359,0.6980794270833334
0,2,satcap,38,1,0.39899999999999997,0.6980794270833334
0,2,satcap,39,1,0.358,0.7058919270833334
0,2,satcap,40,2,0.35600000000000004,0.7058919270833334
0,2,satcap,41,2,0.319,0.7058919270833334
0,2,satcap,42,2,0.239,0.7058919270833334
0,2,satcap,43,2,0.359,0.7058919270833334
0,2,satcap,44,2,0.9209999999999999,0.859130859375
0,2,satcap,45,2,0.157,0.23030598958333334
0,2,satcap,46,2,0.158,0.4803059895833333
0,2,satcap,47,2,0.08,0.4803059895833333
0,2,satcap,48,2,0.159,0.4803059895833333
0,2,satcap,49,2,0.079,0.6339518229166666
0,2,satcap,50,2,0.04,0.6339518229166666
0,2,satcap,51,2,0.08,0.6339518229166666
0,2,satcap,52,2,0.04,0.6652018229166666
0,2,satcap,53,2,0.04,0.6652018229166666
0,2,satcap,54,2,0.7140000000000001,0.8291829427083334
0,2,satcap,55,2,0.079,0.193115234375
0,2,satcap,56,2,0.039,0.458740234375
0,2,satcap,57,2,0.157,0.4697265625
0,2,satcap,58,2,0.157,0.4615885416666667
0,2,satcap,59,2,0.079,0.2731119791666667
0,2,satcap,60,3,0.19699999999999998,0.4580078125
0,2,satcap,61,3,0.239,0.4580078125
0,2,satcap,62,3,0.19899999999999998,0.4580078125
0,2,satcap,63,3,0.396,0.6116536458333334
0,2,satcap,64,3,0.27899999999999997,0.6116536458333334
0,2,satcap,65,3,0.319,0.6116536458333334
0,2,satcap,66,3,0.35700000000000004,0.7158203125
0,2,satcap,67,3,0.39899999999999997,0.7158203125
0,2,satcap,68,3,0.359,0.7158203125
0,2,satcap,69,3,0.359,0.7158203125
0,2,satcap,70,3,0.39899999999999997,0.7158203125
0,2,satcap,71,3,0.39899999999999997,0.7158203125
0,2,satcap,72,3,0.239,0.7158203125
0,2,satcap,73,3,0.319,0.7158203125
0,2,satcap,74,3,0.239,0.7158203125
0,2,satcap,75,3,0.27899999999999997,0.7158203125
0,2,satcap,76,3,0.239,0.7158203125
0,2,satcap,77,3,0.19899999999999998,0.7158203125
0,2,satcap,78,3,0.08,0.7158203125
0,2,satcap,79,3,0.079,0.7158203125
1,1,raw,0,0,0.276,0.2649739583333333
1,1,raw,1,0,0.34600000000000003,0.2294921875
1,1,raw,2,0,0.304,0.20402018229166666
1,1,raw,3,0,0.35,0.4175618489583333
1,1,raw,4,0,0.385,0.7066243489583334
1,1,raw,5,0,0.38299999999999995,0.4202473958333333
1,1,raw,6,0,0.355,0.4202473958333333
1,1,raw,7,0,0.313,0.6728515625
1,1,raw,8,0,0.35600000000000004,0.6728515625
1,1,raw,9,0,0.354,0.6728515625
1,1,raw,10,0,0.395,0.6728515625
1,1,raw,11,0,0.316,0.6728515625
1,1,raw,12,0,0.237,0.6728515625
1,1,raw,13,0,0.233,0.6728515625
1,1,raw,14,0,0.23199999999999998,0.6728515625
1,1,raw,15,0,0.159,0.6728515625
1,1,raw,16,0,0.157,0.6728515625
1,1,raw,17,0,0.156,0.6728515625
1,1,raw,18,0,0.158,0.7744140625
1,1,raw,19,0,0.079,0.7744140625
1,1,raw,20,1,0.039,0.7744140625
1,1,raw,21,1,0.078,0.7744140625
1,1,raw,22,1,0.039,0.7744140625
1,1,raw,23,1,0.079,0.7744140625
1,1,raw,24,1,0.667,0.7744140625
1,1,raw,25,1,0.674,0.7744140625
1,1,raw,26,1,0.7040000000000001,0.7744140625
1,1,raw,27,1,0.634,0.7744140625
1,1,raw,28,1,0.7829999999999999,0.7744140625
1,1,raw,29,1,0.742,0.7744140625
1,1,raw,30,1,0.156,0.7744140625
1,1,raw,31,1,0.195,0.7744140625
1,1,raw,32,1,0.9109999999999999,0.7744140625
1,1,raw,33,1,0.27699999999999997,0.7744140625
1,1,raw,34,1,0.35700000000000004,0.7744140625
1,1,raw,35,1,0.317,0.7744140625
1,1,raw,36,1,0.951,0.7744140625
1,1,raw,37,1,0.396,0.7744140625
1,1,raw,38,1,0.35600000000000004,0.7744140625
1,1,raw,39,1,0.35600000000000004,0.7744140625
1,1,raw,40,2,0.317,0.7744140625
1,1,raw,41,2,0.396,0.7744140625
1,1,raw,42,2,0.317,0.7744140625
1,1,raw,43,2,0.35700000000000004,0.7744140625
1,1,raw,44,2,0.27699999999999997,0.7744140625
1,1,raw,45,2,0.23800000000000002,0.7744140625
1,1,raw,46,2,0.27699999999999997,0.7744140625
1,1,raw,47,2,0.23600000000000002,0.7744140625
1,1,raw,48,2,0.11900000000000001,0.7744140625
1,1,raw,49,2,0.04,0.7744140625
1,1,raw,50,2,0.079,0.7744140625
1,1,raw,51,2,0.079,0.7744140625
1,1,raw,52,2,0.039,0.7744140625
1,1,raw,53,2,0.079,0.7744140625
1,1,raw,54,2,0.079,0.7744140625
1,1,raw,55,2,0.04,0.7744140625
1,1,raw,56,2,0.079,0.7744140625
1,1,raw,57,2,0.079,0.7744140625
1,1,raw,58,2,0.075,0.7744140625
1,1,raw,59,2,0.037000000000000005,0.7744140625
1,1,raw,60,3,0.07,0.7744140625
1,1,raw,61,3,0.039,0.7744140625
1,1,raw,62,3,0.076,0.7744140625
1,1,raw,63,3,0.073,0.7744140625
1,1,raw,64,3,0.114,0.7744140625
1,1,raw,65,3,0.078,0.7744140625
1,1,raw,66,3,0.35600000000000004,0.7744140625
1,1,raw,67,3,0.157,0.7744140625
1,1,raw,68,3,0.344,0.7744140625
1,1,raw,69,3,0.27399999999999997,0.7744140625
1,1,raw,70,3,0.307,0.7744140625
1,1,raw,71,3,0.11800000000000001,0.7744140625
1,1,raw,72,3,0.11699999999999999,0.7744140625
1,1,raw,73,3,0.156,0.7744140625
1,1,raw,74,3,0.109,0.7744140625
1,1,raw,75,3,0.158,0.7744140625
1,1,raw,76,3,0.078,0.7744140625
1,1,raw,77,3,0.077,0.7744140625
1,1,raw,78,3,0.11900000000000001,0.7744140625
1,1,raw,79,3,0.079,0.7744140625
1,3,raw,0,0,0.315,0.259765625
1,3,raw,1,0,0.31,0.24308268229166666
1,3,raw,2,0,0.311,0.2772623697916667
1,3,raw,3,0,0.391,0.2841796875
1,3,raw,4,0,0.997,0.254150390625
1,3,raw,5,0,0.336,0.4624837239583333
1,3,raw,6,0,0.355,0.4624837239583333
1,3,raw,7,0,0.91,0.4624837239583333
1,3,raw,8,0,0.431,0.4624837239583333
1,3,raw,9,0,0.276,0.4624837239583333
1,3,raw,10,0,0.23600000000000002,0.605712890625
1,3,raw,11,0,0.27699999999999997,0.605712890625
1,3,raw,12,0,0.317,0.605712890625
1,3,raw,13,0,0.19699999999999998,0.7020670572916666
1,3,raw,14,0,0.158,0.7020670572916666
1,3,raw,15,0,0.11900000000000001,0.7020670572916666
1,3,raw,16,0,0.039,0.7020670572916666
1,3,raw,17,0,0.11900000000000001,0.7020670572916666
1,3,raw,18,0,0.079,0.7020670572916666
1,3,raw,19,0,0.11900000000000001,0.7020670572916666
1,3,raw,20,1,0.04,0.7020670572916666
1,3,raw,21,1,0.079,0.7020670572916666
1,3,raw,22,1,0.039,0.7020670572916666
1,3,raw,23,1,0.079,0.7020670572916666
1,3,raw,24,1,0.632,0.7020670572916666
1,3,raw,25,1,0.158,0.7020670572916666
1,3,raw,26,1,0.158,0.7020670572916666
1,3,raw,27,1,0.19699999999999998,0.7020670572916666
1,3,raw,28,1,0.237,0.7020670572916666
1,3,raw,29,1,0.23800000000000002,0.7020670572916666
1,3,raw,30,1,0.27699999999999997,0.7020670572916666
1,3,raw,31,1,0.35100000000000003,0.3053385416666667
1,3,raw,32,1,0.35100000000000003,0.305908203125
1,3,raw,33,1,0.353,0.2516276041666667
1,3,raw,34,1,0.43,0.5485026041666666
1,3,raw,35,1,0.396,0.2517903645833333
1,3,raw,36,1,0.392,0.4523111979166667
1,3,raw,37,1,0.353,0.65283203125
1,3,raw,38,1,0.395,0.65283203125
1,3,raw,39,1,0.396,0.65283203125
1,3,raw,40,2,0.315,0.7413736979166666
1,3,raw,41,2,0.316,0.7413736979166666
1,3,raw,42,2,0.237,0.7413736979166666
1,3,raw,43,2,0.198,0.7413736979166666
1,3,raw,44,2,0.158,0.7413736979166666
1,3,raw,45,2,0.7909999999999999,0.7413736979166666
1,3,raw,46,2,0.87,0.7413736979166666
1,3,raw,47,2,0.752,0.7413736979166666
1,3,raw,48,2,0.6729999999999999,0.7413736979166666
1,3,raw,49,2,0.672,0.7413736979166666
1,3,raw,50,2,0.078,0.7413736979166666
1,3,raw,51,2,0.079,0.7413736979166666
1,3,raw,52,2,0.11900000000000001,0.7413736979166666
1,3,raw,53,2,0.079,0.7413736979166666
1,3,raw,54,2,0.079,0.7413736979166666
1,3,raw,55,2,0.079,0.7413736979166666
1,3,raw,56,2,0.079,0.7413736979166666
1,3,raw,57,2,0.079,0.7413736979166666
1,3,raw,58,2,0.14400000000000002,0.7413736979166666
1,3,raw,59,2,0.265,0.7413736979166666
1,3,raw,60,3,0.505,0.7413736979166666
1,3,raw,61,3,0.141,0.7413736979166666
1,3,raw,62,3,0.11699999999999999,0.7413736979166666
1,3,raw,63,3,0.11699999999999999,0.7413736979166666
1,3,raw,64,3,0.11699999999999999,0.7413736979166666
1,3,raw,65,3,0.141,0.7413736979166666
1,3,raw,66,3,0.307,0.337890625
1,3,raw,67,3,0.312,0.21671549479166666
1,3,raw,68,3,0.39299999999999996,0.4146321614583333
1,3,raw,69,3,0.33799999999999997,0.620361328125
1,3,raw,70,3,0.316,0.620361328125
1,3,raw,71,3,0.158,0.620361328125
1,3,raw,72,3,0.153,0.6724446614583334
1,3,raw,73,3,0.11900000000000001,0.6724446614583334
1,3,raw,74,3,0.11599999999999999,0.6724446614583334
1,3,raw,75,3,0.107,0.721923828125
1,3,raw,76,3,0.079,0.721923828125
1,3,raw,77,3,0.038,0.721923828125
1,3,raw,78,3,0.038,0.721923828125
1,3,raw,79,3,0.037000000000000005,0.721923828125
1,0,raw,0,0,0.19699999999999998,0.21549479166666666
1,0,raw,1,0,0.23199999999999998,0.19816080729166666
1,0,raw,2,0,0.868,0.7823893229166666
1,0,raw,3,0,0.31,0.2635091145833333
1,0,raw,4,0,0.382,0.24186197916666666
1,0,raw,5,0,0.302,0.2559407552083333
1,0,raw,6,0,0.314,0.4720865885416667
1,0,raw,7,0,0.35700000000000004,0.4720865885416667
1,0,raw,8,0,0.35700000000000004,0.4720865885416667
1,0,raw,9,0,0.353,0.6465657552083334
1,0,raw,10,0,0.317,0.6465657552083334
1,0,raw,11,0,0.317,0.6465657552083334
1,0,raw,12,0,0.396,0.6465657552083334
1,0,raw,13,0,0.278,0.6465657552083334
1,0,raw,14,0,0.35600000000000004,0.6465657552083334
1,0,raw,15,0,0.11900000000000001,0.6465657552083334
1,0,raw,16,0,0.237,0.6465657552083334
1,0,raw,17,0,0.158,0.6465657552083334
1,0,raw,18,0,0.158,0.6465657552083334
1,0,raw,19,0,0.11900000000000001,0.6465657552083334
1,0,raw,20,1,0.6459999999999999,0.8284505208333334
1,0,raw,21,1,0.11699999999999999,0.2591145833333333
1,0,raw,22,1,0.079,0.4778645833333333
1,0,raw,23,1,0.11800000000000001,0.71484375
1,0,raw,24,1,0.079,0.479248046875
1,0,raw,25,1,0.04,0.479248046875
1,0,raw,26,1,0.078,0.7631022135416666
1,0,raw,27,1,0.079,0.479248046875
1,0,raw,28,1,0.079,0.479248046875
1,0,raw,29,1,0.11800000000000001,0.5990397135416666
1,0,raw,30,1,0.079,0.5990397135416666
1,0,raw,31,1,0.879,0.79931640625
1,0,raw,32,1,0.157,0.18204752604166666
1,0,raw,33,1,0.275,0.445068359375
1,0,raw,34,1,0.315,0.6143391927083334
1,0,raw,35,1,0.317,0.6143391927083334
1,0,raw,36,1,0.397,0.6143391927083334
1,0,raw,37,1,0.317,0.6143391927083334
1,0,raw,38,1,0.9520000000000001,0.878173828125
1,0,raw,39,1,0.391,0.291259765625
1,0,raw,40,2,0.433,0.4683430989583333
1,0,raw,41,2,0.317,0.4683430989583333
1,0,raw,42,2,0.27699999999999997,0.5048014322916666
1,0,raw,43,2,0.353,0.7652180989583334
1,0,raw,44,2,0.23800000000000002,0.7652180989583334
1,0,raw,45,2,0.8759999999999999,0.8642578125
1,0,raw,46,2,0.8759999999999999,0.8193359375
1,0,raw,47,2,0.8390000000000001,0.8307291666666666
1,0,raw,48,2,0.8009999999999999,0.8238118489583334
1,0,raw,49,2,0.7609999999999999,0.8789876302083334
1,0,raw,50,2,0.078,0.2513020833333333
1,0,raw,51,2,0.11800000000000001,0.44921875
1,0,raw,52,2,0.078,0.6940104166666666
1,0,raw,53,2,0.079,0.6940104166666666
1,0,raw,54,2,0.04,0.6940104166666666
1,0,raw,55,2,0.079,0.7278645833333334
1,0,raw,56,2,0.04,0.7278645833333334
1,0,raw,57,2,0.11800000000000001,0.7278645833333334
1,0,raw,58,2,0.039,0.7278645833333334
1,0,raw,59,2,0.077,0.7278645833333334
1,0,raw,60,3,0.09699999999999999,0.7278645833333334
1,0,raw,61,3,0.073,0.7278645833333334
1,0,raw,62,3,0.07400000000000001,0.7278645833333334
1,0,raw,63,3,0.035,0.7278645833333334
1,0,raw,64,3,0.115,0.7278645833333334
1,0,raw,65,3,0.11599999999999999,0.7278645833333334
1,0,raw,66,3,0.27699999999999997,0.7278645833333334
1,0,raw,67,3,0.266,0.7278645833333334
1,0,raw,68,3,0.266,0.7278645833333334
1,0,raw,69,3,0.35600000000000004,0.7278645833333334
1,0,raw,70,3,0.35100000000000003,0.7278645833333334
1,0,raw,71,3,0.196,0.7278645833333334
1,0,raw,72,3,0.156,0.7278645833333334
1,0,raw,73,3,0.107,0.7278645833333334
1,0,raw,74,3,0.156,0.7278645833333334
1,0,raw,75,3,0.11699999999999999,0.7278645833333334
1,0,raw,76,3,0.35700000000000004,0.8427734375
1,0,raw,77,3,0.15,0.289794921875
1,0,raw,78,3,0.079,0.5059407552083334
1,0,raw,79,3,0.079,0.5059407552083334
1,2,raw,0,0,0.275,0.2805989583333333
1,2,raw,1,0,0.945,0.781494140625
1,2,raw,2,0,0.313,0.22574869791666666
1,2,raw,3,0,0.431,0.43408203125
1,2,raw,4,0,0.389,0.6319986979166666
1,2,raw,5,0,0.865,0.8597005208333334
1,2,raw,6,0,0.973,0.8225911458333334
1,2,raw,7,0,0.9129999999999999,0.8672688802083334
1,2,raw,8,0,0.938,0.8458658854166666
1,2,raw,9,0,0.9159999999999999,0.7664388020833334
1,2,raw,10,0,0.348,0.2801920572916667
1,2,raw,11,0,0.275,0.4702962239583333
1,2,raw,12,0,0.27699999999999997,0.4702962239583333
1,2,raw,13,0,0.23800000000000002,0.4702962239583333
1,2,raw,14,0,0.11800000000000001,0.652587890625
1,2,raw,15,0,0.11900000000000001,0.652587890625
1,2,raw,16,0,0.11900000000000001,0.652587890625
1,2,raw,17,0,0.04,0.652587890625
1,2,raw,18,0,0.7609999999999999,0.8968098958333334
1,2,raw,19,0,0.078,0.299072265625
1,2,raw,20,1,0.039,0.271484375
1,2,raw,21,1,0.11800000000000001,0.5084635416666666
1,2,raw,22,1,0.04,0.5084635416666666
1,2,raw,23,1,0.079,0.5084635416666666
1,2,raw,24,1,0.684,1.0
1,2,raw,25,1,0.11800000000000001,0.5089518229166666
1,2,raw,26,1,0.11900000000000001,0.5089518229166666
1,2,raw,27,1,0.079,0.7224934895833334
1,2,raw,28,1,0.19699999999999998,0.7224934895833334
1,2,raw,29,1,0.158,0.7224934895833334
1,2,raw,30,1,0.198,0.7355143229166666
1,2,raw,31,1,0.35700000000000004,0.7355143229166666
1,2,raw,32,1,0.314,0.7355143229166666
1,2,raw,33,1,0.27699999999999997,0.7355143229166666
1,2,raw,34,1,0.436,0.7355143229166666
1,2,raw,35,1,0.317,0.7355143229166666
1,2,raw,36,1,0.396,0.7355143229166666
1,2,raw,37,1,0.436,0.7355143229166666
1,2,raw,38,1,0.436,0.7355143229166666
1,2,raw,39,1,0.396,0.7355143229166666
1,2,raw,40,2,0.317,0.7355143229166666
1,2,raw,41,2,0.27699999999999997,0.7355143229166666
1,2,raw,42,2,0.396,0.7355143229166666
1,2,raw,43,2,0.27699999999999997,0.7355143229166666
1,2,raw,44,2,0.23800000000000002,0.7355143229166666
1,2,raw,45,2,0.19399999999999998,0.3317057291666667
1,2,raw,46,2,0.23399999999999999,0.24462890625
1,2,raw,47,2,0.196,0.49462890625
1,2,raw,48,2,0.039,0.7159830729166666
1,2,raw,49,2,0.11900000000000001,0.7159830729166666
1,2,raw,50,2,0.11900000000000001,0.7159830729166666
1,2,raw,51,2,0.079,0.7159830729166666
1,2,raw,52,2,0.04,0.7159830729166666
1,2,raw,53,2,0.079,0.7159830729166666
1,2,raw,54,2,0.04,0.7159830729166666
1,2,raw,55,2,0.079,0.7316080729166666
1,2,raw,56,2,0.04,0.7316080729166666
1,2,raw,57,2,0.079,0.7316080729166666
1,2,raw,58,2,0.157,0.7316080729166666
1,2,raw,59,2,0.039,0.7316080729166666
1,2,raw,60,3,0.078,0.7316080729166666
1,2,raw,61,3,0.038,0.7316080729166666
1,2,raw,62,3,0.07400000000000001,0.7316080729166666
1,2,raw,63,3,0.077,0.7316080729166666
1,2,raw,64,3,0.11699999999999999,0.7316080729166666
1,2,raw,65,3,0.595,0.8539225260416666
1,2,raw,66,3,0.871,0.8492024739583334
1,2,raw,67,3,0.8029999999999999,0.8818359375
1,2,raw,68,3,0.86,0.864990234375
1,2,raw,69,3,0.87,0.8026529947916666
1,2,raw,70,3,0.34700000000000003,0.2939453125
1,2,raw,71,3,0.14300000000000002,0.5205078125
1,2,raw,72,3,0.156,0.5205078125
1,2,raw,73,3,0.078,0.5205078125
1,2,raw,74,3,0.151,0.6767578125
1,2,raw,75,3,0.107,0.6767578125
1,2,raw,76,3,0.11699999999999999,0.6767578125
1,2,raw,77,3,0.079,0.6767578125
1,2,raw,78,3,0.039,0.6767578125
1,2,raw,79,3,0.073,0.7080078125
1,1,satcap,0,0,0.11199999999999999,0.2649739583333333
1,1,satcap,1,0,0.158,0.21720377604166666
1,1,satcap,2,0,0.11599999999999999,0.191650390625
1,1,satcap,3,0,0.11800000000000001,0.4051920572916667
1,1,satcap,4,0,0.182,0.6942545572916666
1,1,satcap,5,0,0.17600000000000002,0.4076334635416667
1,1,satcap,6,0,0.14800000000000002,0.4076334635416667
1,1,satcap,7,0,0.11800000000000001,0.6602376302083334
1,1,satcap,8,0,0.157,0.6602376302083334
1,1,satcap,9,0,0.12,0.6602376302083334
1,1,satcap,10,0,0.19899999999999998,0.6602376302083334
1,1,satcap,11,0,0.12,0.6602376302083334
1,1,satcap,12,0,0.08,0.6602376302083334
1,1,satcap,13,0,0.11800000000000001,0.6602376302083334
1,1,satcap,14,0,0.12,0.6602376302083334
1,1,satcap,15,0,0.04,0.6602376302083334
1,1,satcap,16,0,0.04,0.6602376302083334
1,1,satcap,17,0,0.08,0.6602376302083334
1,1,satcap,18,0,0.04,0.7618001302083334
1,1,satcap,19,0,0.04,0.7618001302083334
1,1,satcap,20,1,0.035,0.77587890625
1,1,satcap,21,1,0.04,0.77587890625
1,1,satcap,22,1,0.04,0.77587890625
1,1,satcap,23,1,0.04,0.77587890625
1,1,satcap,24,1,0.27899999999999997,0.77587890625
1,1,satcap,25,1,0.239,0.77587890625
1,1,satcap,26,1,0.27899999999999997,0.77587890625
1,1,satcap,27,1,0.27899999999999997,0.77587890625
1,1,satcap,28,1,0.27899999999999997,0.77587890625
1,1,satcap,29,1,0.27899999999999997,0.77587890625
1,1,satcap,30,1,0.08,0.77587890625
1,1,satcap,31,1,0.04,0.77587890625
1,1,satcap,32,1,0.326,0.77587890625
1,1,satcap,33,1,0.12,0.77587890625
1,1,satcap,34,1,0.12,0.77587890625
1,1,satcap,35,1,0.159,0.77587890625
1,1,satcap,36,1,0.319,0.77587890625
1,1,satcap,37,1,0.12,0.77587890625
1,1,satcap,38,1,0.12,0.77587890625
1,1,satcap,39,1,0.12,0.77587890625
1,1,satcap,40,2,0.078,0.77587890625
1,1,satcap,41,2,0.12,0.77587890625
1,1,satcap,42,2,0.08,0.77587890625
1,1,satcap,43,2,0.08,0.77587890625
1,1,satcap,44,2,0.08,0.77587890625
1,1,satcap,45,2,0.11900000000000001,0.77587890625
1,1,satcap,46,2,0.08,0.77587890625
1,1,satcap,47,2,0.12,0.77587890625
1,1,satcap,48,2,0.04,0.77587890625
1,1,satcap,49,2,0.0,0.77587890625
1,1,satcap,50,2,0.04,0.77587890625
1,1,satcap,51,2,0.04,0.77587890625
1,1,satcap,52,2,0.0,0.77587890625
1,1,satcap,53,2,0.07,0.77587890625
1,1,satcap,54,2,0.069,0.77587890625
1,1,satcap,55,2,0.0,0.77587890625
1,1,satcap,56,2,0.04,0.77587890625
1,1,satcap,57,2,0.0,0.77587890625
1,1,satcap,58,2,0.04,0.77587890625
1,1,satcap,59,2,0.04,0.77587890625
1,1,satcap,60,3,0.039,0.77587890625
1,1,satcap,61,3,0.08,0.77587890625
1,1,satcap,62,3,0.08,0.77587890625
1,1,satcap,63,3,0.08,0.77587890625
1,1,satcap,64,3,0.11900000000000001,0.77587890625
1,1,satcap,65,3,0.12,0.77587890625
1,1,satcap,66,3,0.12,0.77587890625
1,1,satcap,67,3,0.12,0.77587890625
1,1,satcap,68,3,0.08,0.77587890625
1,1,satcap,69,3,0.12,0.77587890625
1,1,satcap,70,3,0.12,0.77587890625
1,1,satcap,71,3,0.12,0.77587890625
1,1,satcap,72,3,0.159,0.77587890625
1,1,satcap,73,3,0.109,0.77587890625
1,1,satcap,74,3,0.12,0.77587890625
1,1,satcap,75,3,0.12,0.77587890625
1,1,satcap,76,3,0.159,0.77587890625
1,1,satcap,77,3,0.04,0.77587890625
1,1,satcap,78,3,0.08,0.77587890625
1,1,satcap,79,3,0.08,0.77587890625
1,3,satcap,0,0,0.11599999999999999,0.2623697916666667
1,3,satcap,1,0,0.155,0.23331705729166666
1,3,satcap,2,0,0.077,0.2674153645833333
1,3,satcap,3,0,0.179,0.2743326822916667
1,3,satcap,4,0,0.386,0.24405924479166666
1,3,satcap,5,0,0.187,0.452392578125
1,3,satcap,6,0,0.146,0.452392578125
1,3,satcap,7,0,0.39899999999999997,0.452392578125
1,3,satcap,8,0,0.19899999999999998,0.452392578125
1,3,satcap,9,0,0.12,0.452392578125
1,3,satcap,10,0,0.079,0.5956217447916666
1,3,satcap,11,0,0.12,0.5956217447916666
1,3,satcap,12,0,0.12,0.5956217447916666
1,3,satcap,13,0,0.11599999999999999,0.6893717447916666
1,3,satcap,14,0,0.0,0.6893717447916666
1,3,satcap,15,0,0.079,0.6893717447916666
1,3,satcap,16,0,0.04,0.6893717447916666
1,3,satcap,17,0,0.04,0.6893717447916666
1,3,satcap,18,0,0.0,0.6893717447916666
1,3,satcap,19,0,0.08,0.6893717447916666
1,3,satcap,20,1,0.035,0.7034505208333334
1,3,satcap,21,1,0.04,0.7034505208333334
1,3,satcap,22,1,0.039,0.7034505208333334
1,3,satcap,23,1,0.046,0.7034505208333334
1,3,satcap,24,1,0.239,0.7034505208333334
1,3,satcap,25,1,0.08,0.7034505208333334
1,3,satcap,26,1,0.08,0.7034505208333334
1,3,satcap,27,1,0.039,0.7034505208333334
1,3,satcap,28,1,0.158,0.7034505208333334
1,3,satcap,29,1,0.04,0.7034505208333334
1,3,satcap,30,1,0.12,0.7034505208333334
1,3,satcap,31,1,0.11800000000000001,0.3065592447916667
1,3,satcap,32,1,0.142,0.30712890625
1,3,satcap,33,1,0.11800000000000001,0.2528483072916667
1,3,satcap,34,1,0.11599999999999999,0.5497233072916666
1,3,satcap,35,1,0.11900000000000001,0.2529296875
1,3,satcap,36,1,0.158,0.4534505208333333
1,3,satcap,37,1,0.158,0.6539713541666666
1,3,satcap,38,1,0.159,0.6539713541666666
1,3,satcap,39,1,0.158,0.6539713541666666
1,3,satcap,40,2,0.107,0.7425130208333334
1,3,satcap,41,2,0.12,0.7425130208333334
1,3,satcap,42,2,0.12,0.7425130208333334
1,3,satcap,43,2,0.08,0.7425130208333334
1,3,satcap,44,2,0.079,0.7425130208333334
1,3,satcap,45,2,0.319,0.7425130208333334
1,3,satcap,46,2,0.359,0.7425130208333334
1,3,satcap,47,2,0.27899999999999997,0.7425130208333334
1,3,satcap,48,2,0.319,0.7425130208333334
1,3,satcap,49,2,0.239,0.7425130208333334
1,3,satcap,50,2,0.039,0.7425130208333334
1,3,satcap,51,2,0.04,0.7425130208333334
1,3,satcap,52,2,0.079,0.7425130208333334
1,3,satcap,53,2,0.091,0.7425130208333334
1,3,satcap,54,2,0.039,0.7425130208333334
1,3,satcap,55,2,0.04,0.7425130208333334
1,3,satcap,56,2,0.04,0.7425130208333334
1,3,satcap,57,2,0.04,0.7425130208333334
1,3,satcap,58,2,0.08,0.7425130208333334
1,3,satcap,59,2,0.319,0.7425130208333334
1,3,satcap,60,3,0.315,0.7425130208333334
1,3,satcap,61,3,0.11800000000000001,0.7425130208333334
1,3,satcap,62,3,0.08,0.7425130208333334
1,3,satcap,63,3,0.078,0.7425130208333334
1,3,satcap,64,3,0.07200000000000001,0.7425130208333334
1,3,satcap,65,3,0.16,0.7425130208333334
1,3,satcap,66,3,0.114,0.3387858072916667
1,3,satcap,67,3,0.19699999999999998,0.21761067708333334
1,3,satcap,68,3,0.11900000000000001,0.41552734375
1,3,satcap,69,3,0.21600000000000003,0.6212565104166666
1,3,satcap,70,3,0.159,0.6212565104166666
1,3,satcap,71,3,0.11800000000000001,0.6212565104166666
1,3,satcap,72,3,0.159,0.67333984375
1,3,satcap,73,3,0.12,0.67333984375
1,3,satcap,74,3,0.12,0.67333984375
1,3,satcap,75,3,0.08,0.7228190104166666
1,3,satcap,76,3,0.12,0.7228190104166666
1,3,satcap,77,3,0.039,0.7228190104166666
1,3,satcap,78,3,0.0,0.7228190104166666
1,3,satcap,79,3,0.04,0.7228190104166666
1,0,satcap,0,0,0.075,0.21842447916666666
1,0,satcap,1,0,0.079,0.18619791666666666
1,0,satcap,2,0,0.37,0.7703450520833334
1,0,satcap,3,0,0.079,0.2513834635416667
1,0,satcap,4,0,0.14300000000000002,0.22957356770833334
1,0,satcap,5,0,0.204,0.24365234375
1,0,satcap,6,0,0.11800000000000001,0.4597981770833333
1,0,satcap,7,0,0.16,0.4597981770833333
1,0,satcap,8,0,0.12,0.4597981770833333
1,0,satcap,9,0,0.11900000000000001,0.63427734375
1,0,satcap,10,0,0.12,0.63427734375
1,0,satcap,11,0,0.158,0.63427734375
1,0,satcap,12,0,0.11800000000000001,0.63427734375
1,0,satcap,13,0,0.12,0.63427734375
1,0,satcap,14,0,0.12,0.63427734375
1,0,satcap,15,0,0.08,0.63427734375
1,0,satcap,16,0,0.08,0.63427734375
1,0,satcap,17,0,0.08,0.63427734375
1,0,satcap,18,0,0.0,0.63427734375
1,0,satcap,19,0,0.08,0.63427734375
1,0,satcap,20,1,0.268,0.8282877604166666
1,0,satcap,21,1,0.039,0.259033203125
1,0,satcap,22,1,0.0,0.477783203125
1,0,satcap,23,1,0.039,0.7147623697916666
1,0,satcap,24,1,0.037000000000000005,0.4791666666666667
1,0,satcap,25,1,0.04,0.4791666666666667
1,0,satcap,26,1,0.039,0.7630208333333334
1,0,satcap,27,1,0.04,0.4791666666666667
1,0,satcap,28,1,0.04,0.4791666666666667
1,0,satcap,29,1,0.079,0.5989583333333334
1,0,satcap,30,1,0.0,0.5989583333333334
1,0,satcap,31,1,0.35,0.7992350260416666
1,0,satcap,32,1,0.11800000000000001,0.18204752604166666
1,0,satcap,33,1,0.078,0.445068359375
1,0,satcap,34,1,0.158,0.6143391927083334
1,0,satcap,35,1,0.12,0.6143391927083334
1,0,satcap,36,1,0.12,0.6143391927083334
1,0,satcap,37,1,0.16,0.6143391927083334
1,0,satcap,38,1,0.35200000000000004,0.8780110677083334
1,0,satcap,39,1,0.196,0.2910970052083333
1,0,satcap,40,2,0.154,0.4681803385416667
1,0,satcap,41,2,0.159,0.4681803385416667
1,0,satcap,42,2,0.079,0.504638671875
1,0,satcap,43,2,0.17600000000000002,0.7650553385416666
1,0,satcap,44,2,0.12,0.7650553385416666
1,0,satcap,45,2,0.556,0.8641764322916666
1,0,satcap,46,2,0.365,0.8193359375
1,0,satcap,47,2,0.32899999999999996,0.8307291666666666
1,0,satcap,48,2,0.297,0.8238118489583334
1,0,satcap,49,2,0.308,0.8789876302083334
1,0,satcap,50,2,0.039,0.2513020833333333
1,0,satcap,51,2,0.04,0.44921875
1,0,satcap,52,2,0.0,0.6940104166666666
1,0,satcap,53,2,0.037000000000000005,0.6940104166666666
1,0,satcap,54,2,0.039,0.6940104166666666
1,0,satcap,55,2,0.04,0.7278645833333334
1,0,satcap,56,2,0.04,0.7278645833333334
1,0,satcap,57,2,0.0,0.7278645833333334
1,0,satcap,58,2,0.039,0.7278645833333334
1,0,satcap,59,2,0.0,0.7278645833333334
1,0,satcap,60,3,0.035,0.7278645833333334
1,0,satcap,61,3,0.079,0.7278645833333334
1,0,satcap,62,3,0.04,0.7278645833333334
1,0,satcap,63,3,0.08,0.7278645833333334
1,0,satcap,64,3,0.079,0.7278645833333334
1,0,satcap,65,3,0.078,0.7278645833333334
1,0,satcap,66,3,0.12,0.7278645833333334
1,0,satcap,67,3,0.12,0.7278645833333334
1,0,satcap,68,3,0.11800000000000001,0.7278645833333334
1,0,satcap,69,3,0.109,0.7278645833333334
1,0,satcap,70,3,0.159,0.7278645833333334
1,0,satcap,71,3,0.19899999999999998,0.7278645833333334
1,0,satcap,72,3,0.11800000000000001,0.7278645833333334
1,0,satcap,73,3,0.159,0.7278645833333334
1,0,satcap,74,3,0.157,0.7278645833333334
1,0,satcap,75,3,0.079,0.7278645833333334
1,0,satcap,76,3,0.313,0.841064453125
1,0,satcap,77,3,0.154,0.2880859375
1,0,satcap,78,3,0.04,0.5042317708333334
1,0,satcap,79,3,0.12,0.5042317708333334
1,2,satcap,0,0,0.076,0.2809244791666667
1,2,satcap,1,0,0.40700000000000003,0.7693684895833334
1,2,satcap,2,0,0.158,0.21354166666666666
1,2,satcap,3,0,0.14800000000000002,0.421875
1,2,satcap,4,0,0.157,0.6197916666666666
1,2,satcap,5,0,0.38799999999999996,0.8472493489583334
1,2,satcap,6,0,0.406,0.8101399739583334
1,2,satcap,7,0,0.36700000000000005,0.854736328125
1,2,satcap,8,0,0.371,0.8333333333333334
1,2,satcap,9,0,0.39899999999999997,0.75390625
1,2,satcap,10,0,0.155,0.2676595052083333
1,2,satcap,11,0,0.079,0.457763671875
1,2,satcap,12,0,0.159,0.457763671875
1,2,satcap,13,0,0.04,0.457763671875
1,2,satcap,14,0,0.11800000000000001,0.6400553385416666
1,2,satcap,15,0,0.0,0.6400553385416666
1,2,satcap,16,0,0.079,0.6400553385416666
1,2,satcap,17,0,0.0,0.6400553385416666
1,2,satcap,18,0,0.33,0.881591796875
1,2,satcap,19,0,0.039,0.286376953125
1,2,satcap,20,1,0.066,0.2713216145833333
1,2,satcap,21,1,0.039,0.50830078125
1,2,satcap,22,1,0.035,0.50830078125
1,2,satcap,23,1,0.04,0.50830078125
1,2,satcap,24,1,0.297,1.0
1,2,satcap,25,1,0.04,0.5087076822916666
1,2,satcap,26,1,0.0,0.5087076822916666
1,2,satcap,27,1,0.04,0.7222493489583334
1,2,satcap,28,1,0.08,0.7222493489583334
1,2,satcap,29,1,0.073,0.7222493489583334
1,2,satcap,30,1,0.08,0.7352701822916666
1,2,satcap,31,1,0.158,0.7352701822916666
1,2,satcap,32,1,0.12,0.7352701822916666
1,2,satcap,33,1,0.12,0.7352701822916666
1,2,satcap,34,1,0.16,0.7352701822916666
1,2,satcap,35,1,0.11699999999999999,0.7352701822916666
1,2,satcap,36,1,0.159,0.7352701822916666
1,2,satcap,37,1,0.12,0.7352701822916666
1,2,satcap,38,1,0.12,0.7352701822916666
1,2,satcap,39,1,0.11800000000000001,0.7352701822916666
1,2,satcap,40,2,0.106,0.7352701822916666
1,2,satcap,41,2,0.11699999999999999,0.7352701822916666
1,2,satcap,42,2,0.12,0.7352701822916666
1,2,satcap,43,2,0.12,0.7352701822916666
1,2,satcap,44,2,0.079,0.7352701822916666
1,2,satcap,45,2,0.154,0.3314615885416667
1,2,satcap,46,2,0.04,0.24446614583333334
1,2,satcap,47,2,0.07400000000000001,0.4944661458333333
1,2,satcap,48,2,0.04,0.7158203125
1,2,satcap,49,2,0.039,0.7158203125
1,2,satcap,50,2,0.04,0.7158203125
1,2,satcap,51,2,0.039,0.7158203125
1,2,satcap,52,2,0.04,0.7158203125
1,2,satcap,53,2,0.0,0.7158203125
1,2,satcap,54,2,0.04,0.7158203125
1,2,satcap,55,2,0.0,0.7314453125
1,2,satcap,56,2,0.04,0.7314453125
1,2,satcap,57,2,0.04,0.7314453125
1,2,satcap,58,2,0.08,0.7314453125
1,2,satcap,59,2,0.0,0.7314453125
1,2,satcap,60,3,0.073,0.7314453125
1,2,satcap,61,3,0.079,0.7314453125
1,2,satcap,62,3,0.08,0.7314453125
1,2,satcap,63,3,0.12,0.7314453125
1,2,satcap,64,3,0.159,0.7314453125
1,2,satcap,65,3,0.374,0.8538411458333334
1,2,satcap,66,3,0.4,0.84912109375
1,2,satcap,67,3,0.397,0.8817545572916666
1,2,satcap,68,3,0.41,0.8649088541666666
1,2,satcap,69,3,0.33899999999999997,0.8025716145833334
1,2,satcap,70,3,0.193,0.2938639322916667
1,2,satcap,71,3,0.11800000000000001,0.5204264322916666
1,2,satcap,72,3,0.183,0.5204264322916666
1,2,satcap,73,3,0.079,0.5204264322916666
1,2,satcap,74,3,0.158,0.6766764322916666
1,2,satcap,75,3,0.08,0.6766764322916666
1,2,satcap,76,3,0.159,0.6766764322916666
1,2,satcap,77,3,0.04,0.6766764322916666
1,2,satcap,78,3,0.079,0.6766764322916666
1,2,satcap,79,3,0.04,0.7079264322916666
2,1,raw,0,0,0.079,0.21883138020833334
2,1,raw,1,0,0.14400000000000002,0.24934895833333334
2,1,raw,2,0,0.152,0.254638671875
2,1,raw,3,0,0.14,0.24112955729166666
2,1,raw,4,0,0.191,0.519775390625
2,1,raw,5,0,0.391,0.2538248697916667
2,1,raw,6,0,0.35100000000000003,0.4647623697916667
2,1,raw,7,0,0.39299999999999996,0.4647623697916667
2,1,raw,8,0,0.35100000000000003,0.4647623697916667
2,1,raw,9,0,0.35,0.618408203125
2,1,raw,10,0,0.11800000000000001,0.618408203125
2,1,raw,11,0,0.145,0.618408203125
2,1,raw,12,0,0.11599999999999999,0.618408203125
2,1,raw,13,0,0.11699999999999999,0.618408203125
2,1,raw,14,0,0.141,0.3240559895833333
2,1,raw,15,0,0.039,0.2705078125
2,1,raw,16,0,0.154,0.5048828125
2,1,raw,17,0,0.071,0.5048828125
2,1,raw,18,0,0.039,0.5048828125
2,1,raw,19,0,0.038,0.5048828125
2,1,raw,20,1,0.0,0.5048828125
2,1,raw,21,1,0.036000000000000004,0.5048828125
2,1,raw,22,1,0.078,0.5048828125
2,1,raw,23,1,0.039,0.6715494791666666
2,1,raw,24,1,0.0,0.6715494791666666
2,1,raw,25,1,0.27399999999999997,0.6715494791666666
2,1,raw,26,1,0.036000000000000004,0.6715494791666666
2,1,raw,27,1,0.039,0.6715494791666666
2,1,raw,28,1,0.039,0.6715494791666666
2,1,raw,29,1,0.115,0.6715494791666666
2,1,raw,30,1,0.07200000000000001,0.6715494791666666
2,1,raw,31,1,0.078,0.6715494791666666
2,1,raw,32,1,0.391,0.6715494791666666
2,1,raw,33,1,0.115,0.7288411458333334
2,1,raw,34,1,0.182,0.7288411458333334
2,1,raw,35,1,0.156,0.7288411458333334
2,1,raw,36,1,0.078,0.7679036458333334
2,1,raw,37,1,0.154,0.7679036458333334
2,1,raw,38,1,0.179,0.7679036458333334
2,1,raw,39,1,0.153,0.7679036458333334
2,1,raw,40,2,0.39,0.7679036458333334
2,1,raw,41,2,0.11699999999999999,0.7679036458333334
2,1,raw,42,2,0.145,0.18839518229166666
2,1,raw,43,2,0.114,0.3915201822916667
2,1,raw,44,2,0.139,0.6519368489583334
2,1,raw,45,2,0.079,0.6519368489583334
2,1,raw,46,2,0.11900000000000001,0.6519368489583334
2,1,raw,47,2,0.039,0.693603515625
2,1,raw,48,2,0.078,0.693603515625
2,1,raw,49,2,0.039,0.693603515625
2,1,raw,50,2,0.0,0.693603515625
2,1,raw,51,2,0.039,0.693603515625
2,1,raw,52,2,0.039,0.693603515625
2,1,raw,53,2,0.038,0.693603515625
2,1,raw,54,2,0.036000000000000004,0.693603515625
2,1,raw,55,2,0.039,0.693603515625
2,1,raw,56,2,0.039,0.693603515625
2,1,raw,57,2,0.039,0.693603515625
2,1,raw,58,2,0.039,0.693603515625
2,1,raw,59,2,0.036000000000000004,0.693603515625
2,1,raw,60,3,0.34600000000000003,0.740478515625
2,1,raw,61,3,0.11699999999999999,0.740478515625
2,1,raw,62,3,0.11800000000000001,0.740478515625
2,1,raw,63,3,0.39299999999999996,0.740478515625
2,1,raw,64,3,0.32,0.740478515625
2,1,raw,65,3,0.353,0.740478515625
2,1,raw,66,3,0.39,0.740478515625
2,1,raw,67,3,0.34600000000000003,0.740478515625
2,1,raw,68,3,0.368,0.740478515625
2,1,raw,69,3,0.39,0.740478515625
2,1,raw,70,3,0.153,0.740478515625
2,1,raw,71,3,0.196,0.740478515625
2,1,raw,72,3,0.141,0.740478515625
2,1,raw,73,3,0.11699999999999999,0.740478515625
2,1,raw,74,3,0.154,0.740478515625
2,1,raw,75,3,0.107,0.740478515625
2,1,raw,76,3,0.11900000000000001,0.740478515625
2,1,raw,77,3,0.077,0.740478515625
2,1,raw,78,3,0.35100000000000003,0.740478515625
2,1,raw,79,3,0.04,0.740478515625
2,3,raw,0,0,0.11699999999999999,0.23404947916666666
2,3,raw,1,0,0.203,0.236083984375
2,3,raw,2,0,0.175,0.2654622395833333
2,3,raw,3,0,0.154,0.21451822916666666
2,3,raw,4,0,0.153,0.4488932291666667
2,3,raw,5,0,0.145,0.4669596354166667
2,3,raw,6,0,0.41700000000000004,0.46875
2,3,raw,7,0,0.155,0.2525227864583333
2,3,raw,8,0,0.39399999999999996,0.4608561197916667
2,3,raw,9,0,0.11699999999999999,0.4608561197916667
2,3,raw,10,0,0.115,0.4608561197916667
2,3,raw,11,0,0.078,0.669189453125
2,3,raw,12,0,0.105,0.669189453125
2,3,raw,13,0,0.078,0.669189453125
2,3,raw,14,0,0.078,0.669189453125
2,3,raw,15,0,0.0,0.669189453125
2,3,raw,16,0,0.07400000000000001,0.669189453125
2,3,raw,17,0,0.038,0.669189453125
2,3,raw,18,0,0.079,0.669189453125
2,3,raw,19,0,0.039,0.669189453125
2,3,raw,20,1,0.039,0.669189453125
2,3,raw,21,1,0.036000000000000004,0.2915852864583333
2,3,raw,22,1,0.039,0.22428385416666666
2,3,raw,23,1,0.039,0.4300130208333333
2,3,raw,24,1,0.039,0.4300130208333333
2,3,raw,25,1,0.27899999999999997,0.6982421875
2,3,raw,26,1,0.31,0.431640625
2,3,raw,27,1,0.318,0.7102864583333334
2,3,raw,28,1,0.345,0.431640625
2,3,raw,29,1,0.35100000000000003,0.5201822916666666
2,3,raw,30,1,0.11699999999999999,0.7415364583333334
2,3,raw,31,1,0.11800000000000001,0.7415364583333334
2,3,raw,32,1,0.07200000000000001,0.7415364583333334
2,3,raw,33,1,0.196,0.744140625
2,3,raw,34,1,0.157,0.744140625
2,3,raw,35,1,0.195,0.744140625
2,3,raw,36,1,0.14400000000000002,0.744140625
2,3,raw,37,1,0.11800000000000001,0.744140625
2,3,raw,38,1,0.11699999999999999,0.744140625
2,3,raw,39,1,0.11699999999999999,0.744140625
2,3,raw,40,2,0.11699999999999999,0.744140625
2,3,raw,41,2,0.11699999999999999,0.744140625
2,3,raw,42,2,0.11,0.744140625
2,3,raw,43,2,0.115,0.744140625
2,3,raw,44,2,0.038,0.744140625
2,3,raw,45,2,0.11800000000000001,0.744140625
2,3,raw,46,2,0.107,0.744140625
2,3,raw,47,2,0.039,0.744140625
2,3,raw,48,2,0.04,0.744140625
2,3,raw,49,2,0.039,0.744140625
2,3,raw,50,2,0.04,0.744140625
2,3,raw,51,2,0.036000000000000004,0.744140625
2,3,raw,52,2,0.039,0.744140625
2,3,raw,53,2,0.0,0.744140625
2,3,raw,54,2,0.039,0.744140625
2,3,raw,55,2,0.036000000000000004,0.744140625
2,3,raw,56,2,0.038,0.744140625
2,3,raw,57,2,0.039,0.744140625
2,3,raw,58,2,0.115,0.744140625
2,3,raw,59,2,0.107,0.744140625
2,3,raw,60,3,0.079,0.744140625
2,3,raw,61,3,0.152,0.3374837239583333
2,3,raw,62,3,0.14400000000000002,0.24055989583333334
2,3,raw,63,3,0.152,0.5113932291666666
2,3,raw,64,3,0.35600000000000004,0.5113932291666666
2,3,raw,65,3,0.195,0.5113932291666666
2,3,raw,66,3,0.145,0.6650390625
2,3,raw,67,3,0.156,0.6650390625
2,3,raw,68,3,0.193,0.6650390625
2,3,raw,69,3,0.195,0.6650390625
2,3,raw,70,3,0.141,0.6650390625
2,3,raw,71,3,0.155,0.7926432291666666
2,3,raw,72,3,0.11800000000000001,0.7926432291666666
2,3,raw,73,3,0.156,0.7926432291666666
2,3,raw,74,3,0.109,0.7926432291666666
2,3,raw,75,3,0.077,0.7926432291666666
2,3,raw,76,3,0.04,0.7926432291666666
2,3,raw,77,3,0.078,0.7926432291666666
2,3,raw,78,3,0.039,0.7926432291666666
2,3,raw,79,3,0.07400000000000001,0.7926432291666666
2,0,raw,0,0,0.078,0.24967447916666666
2,0,raw,1,0,0.106,0.234130859375
2,0,raw,2,0,0.078,0.24934895833333334
2,0,raw,3,0,0.18899999999999997,0.4811197916666667
2,0,raw,4,0,0.11699999999999999,0.24951171875
2,0,raw,5,0,0.14400000000000002,0.4083658854166667
2,0,raw,6,0,0.18899999999999997,0.62451171875
2,0,raw,7,0,0.11800000000000001,0.62451171875
2,0,raw,8,0,0.141,0.62451171875
2,0,raw,9,0,0.158,0.6531575520833334
2,0,raw,10,0,0.11800000000000001,0.6531575520833334
2,0,raw,11,0,0.11900000000000001,0.6531575520833334
2,0,raw,12,0,0.156,0.6531575520833334
2,0,raw,13,0,0.078,0.6531575520833334
2,0,raw,14,0,0.11,0.6531575520833334
2,0,raw,15,0,0.11699999999999999,0.6531575520833334
2,0,raw,16,0,0.039,0.6531575520833334
2,0,raw,17,0,0.078,0.6531575520833334
2,0,raw,18,0,0.071,0.6531575520833334
2,0,raw,19,0,0.293,0.8021647135416666
2,0,raw,20,1,0.036000000000000004,0.2738444010416667
2,0,raw,21,1,0.076,0.2776692708333333
2,0,raw,22,1,0.038,0.2769368489583333
2,0,raw,23,1,0.037000000000000005,0.2876790364583333
2,0,raw,24,1,0.038,0.219970703125
2,0,raw,25,1,0.305,1.0
2,0,raw,26,1,0.33799999999999997,1.0
2,0,raw,27,1,0.29,1.0
2,0,raw,28,1,0.29,1.0
2,0,raw,29,1,0.36700000000000005,1.0
2,0,raw,30,1,0.07200000000000001,0.23136393229166666
2,0,raw,31,1,0.079,0.4423014322916667
2,0,raw,32,1,0.11800000000000001,0.4423014322916667
2,0,raw,33,1,0.156,0.4423014322916667
2,0,raw,34,1,0.386,1.0
2,0,raw,35,1,0.156,0.4431966145833333
2,0,raw,36,1,0.11699999999999999,0.46923828125
2,0,raw,37,1,0.106,0.6984049479166666
2,0,raw,38,1,0.156,0.6984049479166666
2,0,raw,39,1,0.157,0.6984049479166666
2,0,raw,40,2,0.158,0.6984049479166666
2,0,raw,41,2,0.11900000000000001,0.6984049479166666
2,0,raw,42,2,0.157,0.6984049479166666
2,0,raw,43,2,0.366,0.8649088541666666
2,0,raw,44,2,0.152,0.24983723958333334
2,0,raw,45,2,0.154,0.4842122395833333
2,0,raw,46,2,0.07200000000000001,0.4842122395833333
2,0,raw,47,2,0.11699999999999999,0.4842122395833333
2,0,raw,48,2,0.078,0.4842122395833333
2,0,raw,49,2,0.078,0.4842122395833333
2,0,raw,50,2,0.039,0.6769205729166666
2,0,raw,51,2,0.079,0.6769205729166666
2,0,raw,52,2,0.035,0.6769205729166666
2,0,raw,53,2,0.039,0.6769205729166666
2,0,raw,54,2,0.039,0.6769205729166666
2,0,raw,55,2,0.0,0.6769205729166666
2,0,raw,56,2,0.036000000000000004,0.6769205729166666
2,0,raw,57,2,0.076,0.322021484375
2,0,raw,58,2,0.038,0.2666829427083333
2,0,raw,59,2,0.036000000000000004,0.4828287760416667
2,0,raw,60,3,0.077,0.7432454427083334
2,0,raw,61,3,0.039,0.7432454427083334
2,0,raw,62,3,0.11699999999999999,0.7432454427083334
2,0,raw,63,3,0.106,0.7432454427083334
2,0,raw,64,3,0.077,0.7432454427083334
2,0,raw,65,3,0.11699999999999999,0.7432454427083334
2,0,raw,66,3,0.10800000000000001,0.7432454427083334
2,0,raw,67,3,0.11900000000000001,0.7432454427083334
2,0,raw,68,3,0.153,0.7432454427083334
2,0,raw,69,3,0.11800000000000001,0.7432454427083334
2,0,raw,70,3,0.156,0.7432454427083334
2,0,raw,71,3,0.145,0.7432454427083334
2,0,raw,72,3,0.195,0.7432454427083334
2,0,raw,73,3,0.11699999999999999,0.7432454427083334
2,0,raw,74,3,0.11699999999999999,0.7432454427083334
2,0,raw,75,3,0.156,0.7432454427083334
2,0,raw,76,3,0.107,0.7432454427083334
2,0,raw,77,3,0.335,0.7980143229166666
2,0,raw,78,3,0.076,0.242919921875
2,0,raw,79,3,0.152,0.453857421875
2,2,raw,0,0,0.142,0.24527994791666666
2,2,raw,1,0,0.152,0.20987955729166666
2,2,raw,2,0,0.11699999999999999,0.2650553385416667
2,2,raw,3,0,0.168,0.291748046875
2,2,raw,4,0,0.177,0.2569986979166667
2,2,raw,5,0,0.11699999999999999,0.4627278645833333
2,2,raw,6,0,0.156,0.6944986979166666
2,2,raw,7,0,0.11800000000000001,0.6944986979166666
2,2,raw,8,0,0.11599999999999999,0.6944986979166666
2,2,raw,9,0,0.145,0.6944986979166666
2,2,raw,10,0,0.11900000000000001,0.6944986979166666
2,2,raw,11,0,0.156,0.6944986979166666
2,2,raw,12,0,0.079,0.6944986979166666
2,2,raw,13,0,0.11599999999999999,0.6944986979166666
2,2,raw,14,0,0.107,0.6944986979166666
2,2,raw,15,0,0.039,0.6944986979166666
2,2,raw,16,0,0.078,0.6944986979166666
2,2,raw,17,0,0.039,0.6944986979166666
2,2,raw,18,0,0.036000000000000004,0.6944986979166666
2,2,raw,19,0,0.038,0.6944986979166666
2,2,raw,20,1,0.039,0.6944986979166666
2,2,raw,21,1,0.04,0.6944986979166666
2,2,raw,22,1,0.039,0.6944986979166666
2,2,raw,23,1,0.036000000000000004,0.6944986979166666
2,2,raw,24,1,0.0,0.6944986979166666
2,2,raw,25,1,0.298,0.8321940104166666
2,2,raw,26,1,0.077,0.3047688802083333
2,2,raw,27,1,0.036000000000000004,0.24983723958333334
2,2,raw,28,1,0.077,0.4816080729166667
2,2,raw,29,1,0.11699999999999999,0.4842122395833333
2,2,raw,30,1,0.35200000000000004,1.0
2,2,raw,31,1,0.11699999999999999,0.4842122395833333
2,2,raw,32,1,0.154,0.4842122395833333
2,2,raw,33,1,0.141,0.4842122395833333
2,2,raw,34,1,0.114,0.4842122395833333
2,2,raw,35,1,0.155,0.6795247395833334
2,2,raw,36,1,0.14300000000000002,0.6795247395833334
2,2,raw,37,1,0.195,0.6795247395833334
2,2,raw,38,1,0.193,0.6795247395833334
2,2,raw,39,1,0.156,0.6795247395833334
2,2,raw,40,2,0.10400000000000001,0.6795247395833334
2,2,raw,41,2,0.36700000000000005,0.8067220052083334
2,2,raw,42,2,0.151,0.2708333333333333
2,2,raw,43,2,0.109,0.4869791666666667
2,2,raw,44,2,0.152,0.7291666666666666
2,2,raw,45,2,0.327,0.819091796875
2,2,raw,46,2,0.295,0.8807779947916666
2,2,raw,47,2,0.342,0.8324381510416666
2,2,raw,48,2,0.305,0.8065592447916666
2,2,raw,49,2,0.297,0.8671061197916666
2,2,raw,50,2,0.076,0.21834309895833334
2,2,raw,51,2,0.037000000000000005,0.4214680989583333
2,2,raw,52,2,0.038,0.6870930989583334
2,2,raw,53,2,0.078,0.6870930989583334
2,2,raw,54,2,0.039,0.6870930989583334
2,2,raw,55,2,0.036000000000000004,0.689697265625
2,2,raw,56,2,0.039,0.689697265625
2,2,raw,57,2,0.038,0.689697265625
2,2,raw,58,2,0.036000000000000004,0.689697265625
2,2,raw,59,2,0.039,0.689697265625
2,2,raw,60,3,0.078,0.7339680989583334
2,2,raw,61,3,0.079,0.7339680989583334
2,2,raw,62,3,0.11800000000000001,0.7339680989583334
2,2,raw,63,3,0.106,0.7339680989583334
2,2,raw,64,3,0.156,0.7339680989583334
2,2,raw,65,3,0.156,0.7339680989583334
2,2,raw,66,3,0.14300000000000002,0.7339680989583334
2,2,raw,67,3,0.198,0.7339680989583334
2,2,raw,68,3,0.11699999999999999,0.7339680989583334
2,2,raw,69,3,0.156,0.7339680989583334
2,2,raw,70,3,0.17600000000000002,0.775634765625
2,2,raw,71,3,0.115,0.775634765625
2,2,raw,72,3,0.158,0.775634765625
2,2,raw,73,3,0.151,0.20076497395833334
2,2,raw,74,3,0.10400000000000001,0.4559733072916667
2,2,raw,75,3,0.14,0.7085774739583334
2,2,raw,76,3,0.04,0.7085774739583334
2,2,raw,77,3,0.078,0.7085774739583334
2,2,raw,78,3,0.078,0.7085774739583334
2,2,raw,79,3,0.04,0.7085774739583334
2,1,satcap,0,0,0.075,0.22102864583333334
2,1,satcap,1,0,0.11800000000000001,0.23893229166666666
2,1,satcap,2,0,0.11800000000000001,0.244140625
2,1,satcap,3,0,0.237,0.23063151041666666
2,1,satcap,4,0,0.19399999999999998,0.50927734375
2,1,satcap,5,0,0.39799999999999996,0.24104817708333334
2,1,satcap,6,0,0.35600000000000004,0.4519856770833333
2,1,satcap,7,0,0.39399999999999996,0.4519856770833333
2,1,satcap,8,0,0.359,0.4519856770833333
2,1,satcap,9,0,0.36700000000000005,0.6056315104166666
2,1,satcap,10,0,0.12,0.6056315104166666
2,1,satcap,11,0,0.12,0.6056315104166666
2,1,satcap,12,0,0.12,0.6056315104166666
2,1,satcap,13,0,0.08,0.6056315104166666
2,1,satcap,14,0,0.11800000000000001,0.3111165364583333
2,1,satcap,15,0,0.076,0.257568359375
2,1,satcap,16,0,0.039,0.491943359375
2,1,satcap,17,0,0.04,0.491943359375
2,1,satcap,18,0,0.036000000000000004,0.491943359375
2,1,satcap,19,0,0.04,0.491943359375
2,1,satcap,20,1,0.038,0.50341796875
2,1,satcap,21,1,0.0,0.50341796875
2,1,satcap,22,1,0.04,0.50341796875
2,1,satcap,23,1,0.0,0.6700846354166666
2,1,satcap,24,1,0.04,0.6700846354166666
2,1,satcap,25,1,0.27899999999999997,0.6700846354166666
2,1,satcap,26,1,0.0,0.6700846354166666
2,1,satcap,27,1,0.037000000000000005,0.6700846354166666
2,1,satcap,28,1,0.08,0.6700846354166666
2,1,satcap,29,1,0.08,0.6700846354166666
2,1,satcap,30,1,0.08,0.6700846354166666
2,1,satcap,31,1,0.08,0.6700846354166666
2,1,satcap,32,1,0.638,0.6700846354166666
2,1,satcap,33,1,0.235,0.7273763020833334
2,1,satcap,34,1,0.159,0.7273763020833334
2,1,satcap,35,1,0.12,0.7273763020833334
2,1,satcap,36,1,0.159,0.76904296875
2,1,satcap,37,1,0.159,0.76904296875
2,1,satcap,38,1,0.12,0.76904296875
2,1,satcap,39,1,0.159,0.76904296875
2,1,satcap,40,2,0.354,0.76904296875
2,1,satcap,41,2,0.11900000000000001,0.76904296875
2,1,satcap,42,2,0.11900000000000001,0.18815104166666666
2,1,satcap,43,2,0.11900000000000001,0.3912760416666667
2,1,satcap,44,2,0.073,0.6516927083333334
2,1,satcap,45,2,0.12,0.6516927083333334
2,1,satcap,46,2,0.04,0.6516927083333334
2,1,satcap,47,2,0.078,0.693359375
2,1,satcap,48,2,0.04,0.693359375
2,1,satcap,49,2,0.04,0.693359375
2,1,satcap,50,2,0.039,0.693359375
2,1,satcap,51,2,0.0,0.693359375
2,1,satcap,52,2,0.04,0.693359375
2,1,satcap,53,2,0.039,0.693359375
2,1,satcap,54,2,0.04,0.693359375
2,1,satcap,55,2,0.0,0.693359375
2,1,satcap,56,2,0.04,0.693359375
2,1,satcap,57,2,0.04,0.693359375
2,1,satcap,58,2,0.04,0.693359375
2,1,satcap,59,2,0.039,0.693359375
2,1,satcap,60,3,0.28600000000000003,0.740234375
2,1,satcap,61,3,0.08,0.740234375
2,1,satcap,62,3,0.159,0.740234375
2,1,satcap,63,3,0.319,0.740234375
2,1,satcap,64,3,0.319,0.740234375
2,1,satcap,65,3,0.359,0.740234375
2,1,satcap,66,3,0.315,0.740234375
2,1,satcap,67,3,0.319,0.740234375
2,1,satcap,68,3,0.359,0.740234375
2,1,satcap,69,3,0.314,0.740234375
2,1,satcap,70,3,0.14300000000000002,0.740234375
2,1,satcap,71,3,0.19899999999999998,0.740234375
2,1,satcap,72,3,0.11800000000000001,0.740234375
2,1,satcap,73,3,0.159,0.740234375
2,1,satcap,74,3,0.11800000000000001,0.740234375
2,1,satcap,75,3,0.159,0.740234375
2,1,satcap,76,3,0.08,0.740234375
2,1,satcap,77,3,0.12,0.740234375
2,1,satcap,78,3,0.239,0.740234375
2,1,satcap,79,3,0.08,0.740234375
2,3,satcap,0,0,0.038,0.23404947916666666
2,3,satcap,1,0,0.11800000000000001,0.22371419270833334
2,3,satcap,2,0,0.11599999999999999,0.2529296875
2,3,satcap,3,0,0.07400000000000001,0.20198567708333334
2,3,satcap,4,0,0.075,0.4363606770833333
2,3,satcap,5,0,0.157,0.454345703125
2,3,satcap,6,0,0.313,0.4561360677083333
2,3,satcap,7,0,0.159,0.23982747395833334
2,3,satcap,8,0,0.308,0.4481608072916667
2,3,satcap,9,0,0.08,0.4481608072916667
2,3,satcap,10,0,0.078,0.4481608072916667
2,3,satcap,11,0,0.07400000000000001,0.656494140625
2,3,satcap,12,0,0.079,0.656494140625
2,3,satcap,13,0,0.039,0.656494140625
2,3,satcap,14,0,0.08,0.656494140625
2,3,satcap,15,0,0.0,0.656494140625
2,3,satcap,16,0,0.08,0.656494140625
2,3,satcap,17,0,0.04,0.656494140625
2,3,satcap,18,0,0.04,0.656494140625
2,3,satcap,19,0,0.039,0.656494140625
2,3,satcap,20,1,0.035,0.6705729166666666
2,3,satcap,21,1,0.039,0.29150390625
2,3,satcap,22,1,0.039,0.22420247395833334
2,3,satcap,23,1,0.0,0.429931640625
2,3,satcap,24,1,0.04,0.429931640625
2,3,satcap,25,1,0.23600000000000002,0.6981608072916666
2,3,satcap,26,1,0.27399999999999997,0.4315592447916667
2,3,satcap,27,1,0.29,0.710205078125
2,3,satcap,28,1,0.358,0.4315592447916667
2,3,satcap,29,1,0.312,0.5201009114583334
2,3,satcap,30,1,0.11900000000000001,0.741455078125
2,3,satcap,31,1,0.04,0.741455078125
2,3,satcap,32,1,0.08,0.741455078125
2,3,satcap,33,1,0.12,0.7440592447916666
2,3,satcap,34,1,0.12,0.7440592447916666
2,3,satcap,35,1,0.11900000000000001,0.7440592447916666
2,3,satcap,36,1,0.12,0.7440592447916666
2,3,satcap,37,1,0.08,0.7440592447916666
2,3,satcap,38,1,0.159,0.7440592447916666
2,3,satcap,39,1,0.12,0.7440592447916666
2,3,satcap,40,2,0.157,0.7440592447916666
2,3,satcap,41,2,0.08,0.7440592447916666
2,3,satcap,42,2,0.11,0.7440592447916666
2,3,satcap,43,2,0.08,0.7440592447916666
2,3,satcap,44,2,0.08,0.7440592447916666
2,3,satcap,45,2,0.12,0.7440592447916666
2,3,satcap,46,2,0.04,0.7440592447916666
2,3,satcap,47,2,0.039,0.7440592447916666
2,3,satcap,48,2,0.04,0.7440592447916666
2,3,satcap,49,2,0.04,0.7440592447916666
2,3,satcap,50,2,0.039,0.7440592447916666
2,3,satcap,51,2,0.04,0.7440592447916666
2,3,satcap,52,2,0.04,0.7440592447916666
2,3,satcap,53,2,0.0,0.7440592447916666
2,3,satcap,54,2,0.04,0.7440592447916666
2,3,satcap,55,2,0.04,0.7440592447916666
2,3,satcap,56,2,0.04,0.7440592447916666
2,3,satcap,57,2,0.04,0.7440592447916666
2,3,satcap,58,2,0.08,0.7440592447916666
2,3,satcap,59,2,0.11800000000000001,0.7440592447916666
2,3,satcap,60,3,0.039,0.7466634114583334
2,3,satcap,61,3,0.147,0.3384602864583333
2,3,satcap,62,3,0.11800000000000001,0.24153645833333334
2,3,satcap,63,3,0.155,0.5123697916666666
2,3,satcap,64,3,0.39899999999999997,0.5123697916666666
2,3,satcap,65,3,0.19899999999999998,0.5123697916666666
2,3,satcap,66,3,0.158,0.666015625
2,3,satcap,67,3,0.12,0.666015625
2,3,satcap,68,3,0.19899999999999998,0.666015625
2,3,satcap,69,3,0.198,0.666015625
2,3,satcap,70,3,0.12,0.666015625
2,3,satcap,71,3,0.11900000000000001,0.7936197916666666
2,3,satcap,72,3,0.12,0.7936197916666666
2,3,satcap,73,3,0.159,0.7936197916666666
2,3,satcap,74,3,0.08,0.7936197916666666
2,3,satcap,75,3,0.08,0.7936197916666666
2,3,satcap,76,3,0.0,0.7936197916666666
2,3,satcap,77,3,0.12,0.7936197916666666
2,3,satcap,78,3,0.04,0.7936197916666666
2,3,satcap,79,3,0.08,0.7936197916666666
2,0,satcap,0,0,0.038,0.24674479166666666
2,0,satcap,1,0,0.19399999999999998,0.22347005208333334
2,0,satcap,2,0,0.0,0.23860677083333334
2,0,satcap,3,0,0.19399999999999998,0.4703776041666667
2,0,satcap,4,0,0.079,0.23868815104166666
2,0,satcap,5,0,0.158,0.3975423177083333
2,0,satcap,6,0,0.11699999999999999,0.6136881510416666
2,0,satcap,7,0,0.15,0.6136881510416666
2,0,satcap,8,0,0.159,0.6136881510416666
2,0,satcap,9,0,0.159,0.642333984375
2,0,satcap,10,0,0.16,0.642333984375
2,0,satcap,11,0,0.12,0.642333984375
2,0,satcap,12,0,0.12,0.642333984375
2,0,satcap,13,0,0.12,0.642333984375
2,0,satcap,14,0,0.12,0.642333984375
2,0,satcap,15,0,0.08,0.642333984375
2,0,satcap,16,0,0.12,0.642333984375
2,0,satcap,17,0,0.04,0.642333984375
2,0,satcap,18,0,0.08,0.642333984375
2,0,satcap,19,0,0.26,0.7910970052083334
2,0,satcap,20,1,0.111,0.2759602864583333
2,0,satcap,21,1,0.039,0.27978515625
2,0,satcap,22,1,0.039,0.279052734375
2,0,satcap,23,1,0.039,0.289794921875
2,0,satcap,24,1,0.04,0.22208658854166666
2,0,satcap,25,1,0.248,1.0
2,0,satcap,26,1,0.297,1.0
2,0,satcap,27,1,0.35200000000000004,1.0
2,0,satcap,28,1,0.26,1.0
2,0,satcap,29,1,0.355,1.0
2,0,satcap,30,1,0.11900000000000001,0.23331705729166666
2,0,satcap,31,1,0.079,0.4442545572916667
2,0,satcap,32,1,0.08,0.4442545572916667
2,0,satcap,33,1,0.159,0.4442545572916667
2,0,satcap,34,1,0.381,1.0
2,0,satcap,35,1,0.156,0.4451497395833333
2,0,satcap,36,1,0.11800000000000001,0.47119140625
2,0,satcap,37,1,0.158,0.7003580729166666
2,0,satcap,38,1,0.12,0.7003580729166666
2,0,satcap,39,1,0.16,0.7003580729166666
2,0,satcap,40,2,0.156,0.7003580729166666
2,0,satcap,41,2,0.12,0.7003580729166666
2,0,satcap,42,2,0.158,0.7003580729166666
2,0,satcap,43,2,0.4,0.8670247395833334
2,0,satcap,44,2,0.158,0.251953125
2,0,satcap,45,2,0.154,0.486328125
2,0,satcap,46,2,0.08,0.486328125
2,0,satcap,47,2,0.08,0.486328125
2,0,satcap,48,2,0.12,0.486328125
2,0,satcap,49,2,0.04,0.486328125
2,0,satcap,50,2,0.079,0.6790364583333334
2,0,satcap,51,2,0.0,0.6790364583333334
2,0,satcap,52,2,0.08,0.6790364583333334
2,0,satcap,53,2,0.0,0.6790364583333334
2,0,satcap,54,2,0.04,0.6790364583333334
2,0,satcap,55,2,0.0,0.6790364583333334
2,0,satcap,56,2,0.04,0.6790364583333334
2,0,satcap,57,2,0.071,0.3241373697916667
2,0,satcap,58,2,0.0,0.268798828125
2,0,satcap,59,2,0.04,0.4849446614583333
2,0,satcap,60,3,0.078,0.745361328125
2,0,satcap,61,3,0.079,0.745361328125
2,0,satcap,62,3,0.08,0.745361328125
2,0,satcap,63,3,0.037000000000000005,0.745361328125
2,0,satcap,64,3,0.12,0.745361328125
2,0,satcap,65,3,0.04,0.745361328125
2,0,satcap,66,3,0.157,0.745361328125
2,0,satcap,67,3,0.08,0.745361328125
2,0,satcap,68,3,0.12,0.745361328125
2,0,satcap,69,3,0.08,0.745361328125
2,0,satcap,70,3,0.16,0.745361328125
2,0,satcap,71,3,0.12,0.745361328125
2,0,satcap,72,3,0.16,0.745361328125
2,0,satcap,73,3,0.12,0.745361328125
2,0,satcap,74,3,0.16,0.745361328125
2,0,satcap,75,3,0.12,0.745361328125
2,0,satcap,76,3,0.12,0.745361328125
2,0,satcap,77,3,0.27699999999999997,0.80029296875
2,0,satcap,78,3,0.077,0.24519856770833334
2,0,satcap,79,3,0.11900000000000001,0.4561360677083333
2,2,satcap,0,0,0.037000000000000005,0.24674479166666666
2,2,satcap,1,0,0.158,0.19873046875
2,2,satcap,2,0,0.079,0.2538248697916667
2,2,satcap,3,0,0.105,0.280517578125
2,2,satcap,4,0,0.154,0.24568684895833334
2,2,satcap,5,0,0.11599999999999999,0.451416015625
2,2,satcap,6,0,0.036000000000000004,0.6831868489583334
2,2,satcap,7,0,0.12,0.6831868489583334
2,2,satcap,8,0,0.08,0.6831868489583334
2,2,satcap,9,0,0.12,0.6831868489583334
2,2,satcap,10,0,0.08,0.6831868489583334
2,2,satcap,11,0,0.08,0.6831868489583334
2,2,satcap,12,0,0.08,0.6831868489583334
2,2,satcap,13,0,0.12,0.6831868489583334
2,2,satcap,14,0,0.08,0.6831868489583334
2,2,satcap,15,0,0.079,0.6831868489583334
2,2,satcap,16,0,0.04,0.6831868489583334
2,2,satcap,17,0,0.08,0.6831868489583334
2,2,satcap,18,0,0.04,0.6831868489583334
2,2,satcap,19,0,0.0,0.6831868489583334
2,2,satcap,20,1,0.038,0.6946614583333334
2,2,satcap,21,1,0.037000000000000005,0.6946614583333334
2,2,satcap,22,1,0.04,0.6946614583333334
2,2,satcap,23,1,0.039,0.6946614583333334
2,2,satcap,24,1,0.04,0.6946614583333334
2,2,satcap,25,1,0.223,0.8333333333333334
2,2,satcap,26,1,0.073,0.305908203125
2,2,satcap,27,1,0.039,0.2509765625
2,2,satcap,28,1,0.039,0.4827473958333333
2,2,satcap,29,1,0.12,0.4827473958333333
2,2,satcap,30,1,0.3,1.0
2,2,satcap,31,1,0.039,0.4851888020833333
2,2,satcap,32,1,0.078,0.4851888020833333
2,2,satcap,33,1,0.08,0.4851888020833333
2,2,satcap,34,1,0.12,0.4851888020833333
2,2,satcap,35,1,0.071,0.6805013020833334
2,2,satcap,36,1,0.158,0.6805013020833334
2,2,satcap,37,1,0.239,0.6805013020833334
2,2,satcap,38,1,0.158,0.6805013020833334
2,2,satcap,39,1,0.159,0.6805013020833334
2,2,satcap,40,2,0.077,0.6805013020833334
2,2,satcap,41,2,0.39799999999999996,0.807373046875
2,2,satcap,42,2,0.11800000000000001,0.271484375
2,2,satcap,43,2,0.079,0.4876302083333333
2,2,satcap,44,2,0.11800000000000001,0.7298177083333334
2,2,satcap,45,2,0.306,0.8197428385416666
2,2,satcap,46,2,0.33299999999999996,0.8814290364583334
2,2,satcap,47,2,0.322,0.8330891927083334
2,2,satcap,48,2,0.271,0.8072102864583334
2,2,satcap,49,2,0.371,0.8677571614583334
2,2,satcap,50,2,0.035,0.218994140625
2,2,satcap,51,2,0.04,0.422119140625
2,2,satcap,52,2,0.039,0.687744140625
2,2,satcap,53,2,0.039,0.687744140625
2,2,satcap,54,2,0.04,0.687744140625
2,2,satcap,55,2,0.04,0.6903483072916666
2,2,satcap,56,2,0.04,0.6903483072916666
2,2,satcap,57,2,0.0,0.6903483072916666
2,2,satcap,58,2,0.079,0.6903483072916666
2,2,satcap,59,2,0.0,0.6903483072916666
2,2,satcap,60,3,0.07200000000000001,0.734619140625
2,2,satcap,61,3,0.11900000000000001,0.734619140625
2,2,satcap,62,3,0.04,0.734619140625
2,2,satcap,63,3,0.159,0.734619140625
2,2,satcap,64,3,0.12,0.734619140625
2,2,satcap,65,3,0.159,0.734619140625
2,2,satcap,66,3,0.159,0.734619140625
2,2,satcap,67,3,0.159,0.734619140625
2,2,satcap,68,3,0.12,0.734619140625
2,2,satcap,69,3,0.159,0.734619140625
2,2,satcap,70,3,0.159,0.7762858072916666
2,2,satcap,71,3,0.159,0.7762858072916666
2,2,satcap,72,3,0.12,0.7762858072916666
2,2,satcap,73,3,0.159,0.20198567708333334
2,2,satcap,74,3,0.079,0.4571940104166667
2,2,satcap,75,3,0.11800000000000001,0.7097981770833334
2,2,satcap,76,3,0.04,0.7097981770833334
2,2,satcap,77,3,0.08,0.7097981770833334
2,2,satcap,78,3,0.079,0.7097981770833334
2,2,satcap,79,3,0.0,0.7097981770833334
