analysis,resource,feature_set,vm_count,ap_eligible_vm_count,bootstrap_replicates,mean_vm_ap_difference_vs_persistence,ap_difference_ci_low,ap_difference_ci_high,mean_vm_brier_improvement_vs_persistence,brier_improvement_ci_low,brier_improvement_ci_high
independent,cpu,snapshot,500,84,2000,0.023366727825069662,0.003048825348644947,0.04246999454510242,-0.0012212096793321864,-0.002577529515852754,-0.00030431691599062266
independent,cpu,two_snapshots,500,84,2000,0.0781519074614412,0.059611296198290725,0.09738198222932441,-0.00042319006242062064,-0.0015608055551687798,0.00029043606624502377
independent,cpu,maximum,500,84,2000,0.09323815826125507,0.07521345004178497,0.112909388895157,5.993415520516797e-05,9.71321062617457e-08,0.00011315248227883642
independent,cpu,count,500,84,2000,0.06836314794057244,0.046875710730598215,0.09329926712241975,-0.00015192297384961174,-0.0021193374957134393,0.001016617500141039
independent,cpu,maximum_count,500,84,2000,0.13985543231649938,0.11355745767208299,0.16838093666407286,0.000677362751934135,0.0001538586407992276,0.0011044879745530148
frozen_transfer,cpu,snapshot,500,84,2000,0.023366727825069662,0.003048825348644947,0.04246999454510242,-0.0012376378731336572,-0.002551981477141361,-0.0003388014401625173
frozen_transfer,cpu,two_snapshots,500,84,2000,0.07740946438754519,0.05914585192294283,0.09671895336636385,-0.00043782513917546605,-0.0015687029391393073,0.0002750825425311443
frozen_transfer,cpu,maximum,500,84,2000,0.09323815826125507,0.07521345004178497,0.112909388895157,3.644477617990861e-05,-4.644279662836751e-05,0.00010571181050512165
frozen_transfer,cpu,count,500,84,2000,0.06836314794057244,0.046875710730598215,0.09329926712241975,-0.00012851348042639031,-0.0020683999940585896,0.0010267117296223604
frozen_transfer,cpu,maximum_count,500,84,2000,0.13982759905321676,0.11351128117935981,0.1683935263704334,0.0006696902583680249,0.00011504940494578883,0.0011201110342746305
independent,memory,snapshot,500,72,2000,-0.003144800473909212,-0.030192459845268155,0.023224516826464685,-7.711278440026444e-05,-0.00013613247177120873,-2.6423191232706737e-05
independent,memory,two_snapshots,500,72,2000,0.0402581782822493,0.014088736915628682,0.06582269091978561,-4.0441931413077146e-05,-8.527599416365384e-05,5.531853070961531e-07
independent,memory,maximum,500,72,2000,0.0950830527187473,0.07008285610612415,0.12315102016641462,9.787643402480943e-06,3.3442971303069e-06,1.7872163254104328e-05
independent,memory,count,500,72,2000,0.028745227636061053,0.015219882039164974,0.04302511582386732,6.130540095972427e-05,-1.765796138727318e-05,0.00014946752334664632
independent,memory,maximum_count,500,72,2000,0.11140159077959863,0.08275149021666141,0.1424168745968166,0.00011095289009339948,3.8494086350847684e-05,0.00019622173236805761
frozen_transfer,memory,snapshot,500,72,2000,-0.003144800473909212,-0.030192459845268155,0.023224516826464685,-7.489326021457931e-05,-0.00014257490892850553,-1.7663363360244383e-05
frozen_transfer,memory,two_snapshots,500,72,2000,0.03880395348264172,0.011957421663220221,0.06399152872315333,-5.6978098889789514e-05,-0.00011494195363910143,-3.3146864243121385e-06
frozen_transfer,memory,maximum,500,72,2000,0.0950830527187473,0.07008285610612415,0.12315102016641462,8.148305394835503e-06,2.2475094161096462e-06,1.5718432474214844e-05
frozen_transfer,memory,count,500,72,2000,0.028745227636061053,0.015219882039164974,0.04302511582386732,4.755377228667196e-05,-2.575438736334341e-05,0.00012660822044959508
frozen_transfer,memory,maximum_count,500,72,2000,0.11140159077959863,0.08275149021666141,0.1424168745968166,8.741502529749025e-05,2.537594557654315e-05,0.0001620416059858858
independent,disk,snapshot,500,475,2000,0.008891445900420862,0.0031450610489302125,0.01490173950145978,-0.0014666714951783923,-0.0025654087842055394,-0.00042282426594978723
independent,disk,two_snapshots,500,475,2000,0.01895391887213186,0.013059197039176455,0.024864587682476205,0.0033274717192981083,0.0006020307387575476,0.006440134528249485
independent,disk,maximum,500,475,2000,0.03954679572026403,0.034463873538723204,0.04497333468683999,-7.81782549888971e-06,-3.891271341886905e-05,3.047292485481743e-05
independent,disk,count,500,475,2000,0.018080197880402823,0.015005722416934765,0.02148357921033622,0.005306870821987866,0.0019280742701395807,0.00925174657803022
independent,disk,maximum_count,500,475,2000,0.02723115261157276,0.02291805877778366,0.03150793926765097,0.005952294993853045,0.002643330626547563,0.010180228240425453
frozen_transfer,disk,snapshot,500,475,2000,0.008890331735807385,0.0031429160330496836,0.014900151417513986,-0.0017390978764753504,-0.0027712034069489132,-0.0007350936783905889
frozen_transfer,disk,two_snapshots,500,475,2000,0.021425480909115488,0.015405623755157286,0.027293834489327623,0.0030290177923669834,0.00032388461735801007,0.006068194124917364
frozen_transfer,disk,maximum,500,475,2000,0.03954679572026403,0.034463873538723204,0.04497333468683999,-1.7232799700268379e-06,-3.55383736915435e-05,4.142775999013614e-05
frozen_transfer,disk,count,500,475,2000,0.018080197880402823,0.015005722416934765,0.02148357921033622,0.005256114537500576,0.001949190352532667,0.009155586585050649
frozen_transfer,disk,maximum_count,500,475,2000,0.0272312726932147,0.02291805935982488,0.03150807055358639,0.005836761944944676,0.0025721808612660414,0.010014584687099015
independent,network,snapshot,500,424,2000,-0.002318930336017652,-0.00974941867716742,0.004363241183318258,-0.004094866794740098,-0.005156988794292165,-0.0031127086548918643
independent,network,two_snapshots,500,424,2000,0.016316042561451423,0.008947707783145485,0.023763446518338584,-0.000675841616912812,-0.0029868237641139323,0.001902937138859928
independent,network,maximum,500,424,2000,0.0066974497811312485,0.0027238846360018915,0.010850902073886524,-8.897208934646503e-05,-0.00012424135244795508,-5.686432838068714e-05
independent,network,count,500,424,2000,0.03522059352443477,0.030758287694997177,0.03959998411063255,0.0020598610928495003,-0.0005331405021378498,0.005029706117995785
independent,network,maximum_count,500,424,2000,0.047395488719711276,0.0418629598673656,0.05320106039212376,0.003981636717728955,0.0018801686608151266,0.006872780753355772
frozen_transfer,network,snapshot,500,424,2000,-0.04554472880103826,-0.05340969691695462,-0.037621899508980865,-0.0033587135533798395,-0.004687654786830685,-0.001986216901728357
frozen_transfer,network,two_snapshots,500,424,2000,0.014017404535092075,0.0066139960724565855,0.021398075480246977,-0.0009269390587875097,-0.003130008153218846,0.0016953471070053627
frozen_transfer,network,maximum,500,424,2000,0.006697389165962965,0.002723829253075553,0.010850986966600383,-0.00035970309452476584,-0.0004914971033941922,-0.00024185499868358066
frozen_transfer,network,count,500,424,2000,0.03522059352443477,0.030758287694997177,0.03959998411063255,0.0017008698094381396,-0.0008857133426019689,0.004584629941162413
frozen_transfer,network,maximum_count,500,424,2000,0.04815905213992759,0.04262749546577167,0.05398436861592519,0.0033621005312568153,0.0012720203318476737,0.006135471164355031
