analysis,resource,feature_set,train_panel,test_panel,train_n,test_n,test_events,prevalence,average_precision,brier,roc_auc,ece_10
independent_rnd,cpu,persistence,GWA-T-12-Rnd,GWA-T-12-Rnd,664347,284314,2453,0.008627784773173322,0.53106062148391,0.00408304043566438,0.8710777941357566,0.0005109687013554743
frozen_faststorage_to_rnd,cpu,persistence,GWA-T-12-fastStorage,GWA-T-12-Rnd,532319,284314,2453,0.008627784773173322,0.53106062148391,0.004082102956486379,0.8710777941357566,0.0014287218341099432
independent_rnd,cpu,snapshot,GWA-T-12-Rnd,GWA-T-12-Rnd,664347,284314,2453,0.008627784773173322,0.4742020305564789,0.005072424489202579,0.8411824462377033,0.0019376230324610357
frozen_faststorage_to_rnd,cpu,snapshot,GWA-T-12-fastStorage,GWA-T-12-Rnd,532319,284314,2453,0.008627784773173322,0.4742020401362695,0.005105106460970987,0.8411824476840335,0.0032368078110804575
independent_rnd,cpu,two_snapshots,GWA-T-12-Rnd,GWA-T-12-Rnd,664347,284314,2453,0.008627784773173322,0.5957444620376023,0.004357972191869484,0.8829965394538861,0.0012468375345681582
frozen_faststorage_to_rnd,cpu,two_snapshots,GWA-T-12-fastStorage,GWA-T-12-Rnd,532319,284314,2453,0.008627784773173322,0.5917636215540796,0.004376198691026388,0.8830692349038771,0.002025826673760835
independent_rnd,cpu,maximum,GWA-T-12-Rnd,GWA-T-12-Rnd,664347,284314,2453,0.008627784773173322,0.5736608376628257,0.004058366357914568,0.9218030475343675,0.0005649289155917443
frozen_faststorage_to_rnd,cpu,maximum,GWA-T-12-fastStorage,GWA-T-12-Rnd,532319,284314,2453,0.008627784773173322,0.5736608376628258,0.00408269282030936,0.9218030468112023,0.0012809840931223052
independent_rnd,cpu,count,GWA-T-12-Rnd,GWA-T-12-Rnd,664347,284314,2453,0.008627784773173322,0.6921972626004443,0.0039779034130634746,0.8717584841474534,0.0009876055471220143
frozen_faststorage_to_rnd,cpu,count,GWA-T-12-fastStorage,GWA-T-12-Rnd,532319,284314,2453,0.008627784773173322,0.6921972626004443,0.003962888775415858,0.8717584841474534,0.002473862962182958
independent_rnd,cpu,maximum_count,GWA-T-12-Rnd,GWA-T-12-Rnd,664347,284314,2453,0.008627784773173322,0.7376793423560435,0.003530589676485157,0.9224858065214576,0.0007374413104423074
frozen_faststorage_to_rnd,cpu,maximum_count,GWA-T-12-fastStorage,GWA-T-12-Rnd,532319,284314,2453,0.008627784773173322,0.7376428095785746,0.0035390360347934595,0.9224856835833881,0.0014349059177534984
independent_rnd,memory,persistence,GWA-T-12-Rnd,GWA-T-12-Rnd,682206,292190,437,0.001495602176665868,0.17228932322610632,0.001241520200146217,0.7032414515143335,0.00030726197996146324
frozen_faststorage_to_rnd,memory,persistence,GWA-T-12-fastStorage,GWA-T-12-Rnd,547362,292190,437,0.001495602176665868,0.17228932322610632,0.0012388430857693204,0.7032414515143335,0.0004021535192867302
independent_rnd,memory,snapshot,GWA-T-12-Rnd,GWA-T-12-Rnd,682206,292190,437,0.001495602176665868,0.21331868289475786,0.0013154396348212503,0.6518042075041048,0.00029301973776327495
frozen_faststorage_to_rnd,memory,snapshot,GWA-T-12-fastStorage,GWA-T-12-Rnd,547362,292190,437,0.001495602176665868,0.21331868289475786,0.0013105112346417736,0.6518042075041047,0.00040967650946389326
independent_rnd,memory,two_snapshots,GWA-T-12-Rnd,GWA-T-12-Rnd,682206,292190,437,0.001495602176665868,0.23866616687173534,0.0012780422552109687,0.7050229104725048,0.0003644058200967292
frozen_faststorage_to_rnd,memory,two_snapshots,GWA-T-12-fastStorage,GWA-T-12-Rnd,547362,292190,437,0.001495602176665868,0.2340529055204904,0.0012927180736695065,0.7062228691127956,0.0005447769512100004
independent_rnd,memory,maximum,GWA-T-12-Rnd,GWA-T-12-Rnd,682206,292190,437,0.001495602176665868,0.24583461148755212,0.0012314170308074736,0.7927909984607289,0.0002711128971931214
frozen_faststorage_to_rnd,memory,maximum,GWA-T-12-fastStorage,GWA-T-12-Rnd,547362,292190,437,0.001495602176665868,0.24583461148755212,0.0012304664792659498,0.7927909984607289,0.0004297787013359863
independent_rnd,memory,count,GWA-T-12-Rnd,GWA-T-12-Rnd,682206,292190,437,0.001495602176665868,0.3182751255693632,0.0011723724180297294,0.7033476391086311,0.00023416333991015
frozen_faststorage_to_rnd,memory,count,GWA-T-12-fastStorage,GWA-T-12-Rnd,547362,292190,437,0.001495602176665868,0.3182751255693632,0.0011847177821716348,0.7033476391086311,0.000489980968816546
independent_rnd,memory,maximum_count,GWA-T-12-Rnd,GWA-T-12-Rnd,682206,292190,437,0.001495602176665868,0.3726809582149055,0.001124946484435234,0.7928578554281767,0.000261004277935234
frozen_faststorage_to_rnd,memory,maximum_count,GWA-T-12-fastStorage,GWA-T-12-Rnd,547362,292190,437,0.001495602176665868,0.3728195625609789,0.0011466570623923753,0.7928580240608374,0.000588463921714913
independent_rnd,disk,persistence,GWA-T-12-Rnd,GWA-T-12-Rnd,685370,293540,32274,0.10994753696259453,0.18877959965227498,0.09315640750006128,0.6299044659068778,0.018583970950200698
frozen_faststorage_to_rnd,disk,persistence,GWA-T-12-fastStorage,GWA-T-12-Rnd,561187,293540,32274,0.10994753696259453,0.18877959965227498,0.09293485048600325,0.6299044659068778,0.01627372698574169
independent_rnd,disk,snapshot,GWA-T-12-Rnd,GWA-T-12-Rnd,685370,293540,32274,0.10994753696259453,0.24770982952896053,0.09460240061346376,0.669153035397444,0.019328612273501564
frozen_faststorage_to_rnd,disk,snapshot,GWA-T-12-fastStorage,GWA-T-12-Rnd,561187,293540,32274,0.10994753696259453,0.24770786788053417,0.09463768796439101,0.6691511776156254,0.01055227140780634
independent_rnd,disk,two_snapshots,GWA-T-12-Rnd,GWA-T-12-Rnd,685370,293540,32274,0.10994753696259453,0.30293071701882496,0.08994469098623059,0.6714302890520988,0.01409908820245681
frozen_faststorage_to_rnd,disk,two_snapshots,GWA-T-12-fastStorage,GWA-T-12-Rnd,561187,293540,32274,0.10994753696259453,0.29743953525925826,0.09000506588278487,0.6704225383583631,0.010018651278381672
independent_rnd,disk,maximum,GWA-T-12-Rnd,GWA-T-12-Rnd,685370,293540,32274,0.10994753696259453,0.23275875986115302,0.09316148893172388,0.7038907908518783,0.01856136466119456
frozen_faststorage_to_rnd,disk,maximum,GWA-T-12-fastStorage,GWA-T-12-Rnd,561187,293540,32274,0.10994753696259453,0.23275877853839605,0.09293377987699884,0.7038907926307947,0.016227944846953297
independent_rnd,disk,count,GWA-T-12-Rnd,GWA-T-12-Rnd,685370,293540,32274,0.10994753696259453,0.26537870982911227,0.08797929541784136,0.6340466378596137,0.01240159686292121
frozen_faststorage_to_rnd,disk,count,GWA-T-12-fastStorage,GWA-T-12-Rnd,561187,293540,32274,0.10994753696259453,0.26537870982911227,0.08780813654967759,0.6340466378596137,0.01499722744492157
independent_rnd,disk,maximum_count,GWA-T-12-Rnd,GWA-T-12-Rnd,685370,293540,32274,0.10994753696259453,0.2951770424235858,0.08737354300653737,0.5601057349981617,0.012446618755965224
frozen_faststorage_to_rnd,disk,maximum_count,GWA-T-12-fastStorage,GWA-T-12-Rnd,561187,293540,32274,0.10994753696259453,0.2951770552823084,0.08726215340056043,0.5601057351760534,0.01026797768022566
independent_rnd,network,persistence,GWA-T-12-Rnd,GWA-T-12-Rnd,685370,293540,21152,0.07205832254547932,0.2338701672848335,0.0575090359601188,0.698491769796675,0.012643405047478608
frozen_faststorage_to_rnd,network,persistence,GWA-T-12-fastStorage,GWA-T-12-Rnd,561187,293540,21152,0.07205832254547932,0.2338701672848335,0.05710018030427957,0.698491769796675,0.0073195538990600845
independent_rnd,network,snapshot,GWA-T-12-Rnd,GWA-T-12-Rnd,685370,293540,21152,0.07205832254547932,0.2662429321336512,0.06145275790745441,0.7420979458153456,0.013711594992136845
frozen_faststorage_to_rnd,network,snapshot,GWA-T-12-fastStorage,GWA-T-12-Rnd,561187,293540,21152,0.07205832254547932,0.15855188708934917,0.06023632319346252,0.45629612563545946,0.00645283109828446
independent_rnd,network,two_snapshots,GWA-T-12-Rnd,GWA-T-12-Rnd,685370,293540,21152,0.07205832254547932,0.31518024458347554,0.057954391182171,0.7432027783554926,0.011364266863378391
frozen_faststorage_to_rnd,network,two_snapshots,GWA-T-12-fastStorage,GWA-T-12-Rnd,561187,293540,21152,0.07205832254547932,0.31355967604082413,0.0577454464665049,0.7419486795841552,0.008217273166528281
independent_rnd,network,maximum,GWA-T-12-Rnd,GWA-T-12-Rnd,685370,293540,21152,0.07205832254547932,0.21799823913796654,0.05758791349208038,0.5866974622077873,0.012789004384786005
frozen_faststorage_to_rnd,network,maximum,GWA-T-12-fastStorage,GWA-T-12-Rnd,561187,293540,21152,0.07205832254547932,0.21799821302873645,0.05742290673879116,0.5866974515335782,0.007787968303895991
independent_rnd,network,count,GWA-T-12-Rnd,GWA-T-12-Rnd,685370,293540,21152,0.07205832254547932,0.3382919024650876,0.05540738490293641,0.7021176000786633,0.012376980862599073
frozen_faststorage_to_rnd,network,count,GWA-T-12-fastStorage,GWA-T-12-Rnd,561187,293540,21152,0.07205832254547932,0.3382919024650876,0.05535772509254093,0.7021176000786633,0.015298548598273223
independent_rnd,network,maximum_count,GWA-T-12-Rnd,GWA-T-12-Rnd,685370,293540,21152,0.07205832254547932,0.35553994961937535,0.053485002122013986,0.5916957592149577,0.008019489432057785
frozen_faststorage_to_rnd,network,maximum_count,GWA-T-12-fastStorage,GWA-T-12-Rnd,561187,293540,21152,0.07205832254547932,0.35618591047308706,0.05369612169348911,0.5917069878754815,0.0057522171746463525
